pokedex_number,name,type1,type2,generation,is_legendary,height_m,weight_kg,speed,hp,attack,special_attack,defense,special_defense,egg_steps,happiness,base_total,capture_rate,experience,percent_male,abilities
1,Bulbasaur,grass,poison,1,no,0.7,6.9,45,45,49,65,49,65,5120,70,318,45,1059860,88.1,"['Overgrow', 'Chlorophyll']"
2,Ivysaur,grass,poison,1,no,1,13,60,60,62,80,63,80,5120,70,405,45,1059860,88.1,"['Overgrow', 'Chlorophyll']"
3,Venusaur,grass,poison,1,no,2,100,80,80,100,122,123,120,5120,70,625,45,1059860,88.1,"['Overgrow', 'Chlorophyll']"
4,Charmander,fire,,1,no,0.6,8.5,65,39,52,60,43,50,5120,70,309,45,1059860,88.1,"['Blaze', 'Solar Power']"
5,Charmeleon,fire,,1,no,1.1,19,80,58,64,80,58,65,5120,70,405,45,1059860,88.1,"['Blaze', 'Solar Power']"
6,Charizard,fire,flying,1,no,1.7,90.5,100,78,104,159,78,115,5120,70,634,45,1059860,88.1,"['Blaze', 'Solar Power']"
7,Squirtle,water,,1,no,0.5,9,43,44,48,50,65,64,5120,70,314,45,1059860,88.1,"['Torrent', 'Rain Dish']"
8,Wartortle,water,,1,no,1,22.5,58,59,63,65,80,80,5120,70,405,45,1059860,88.1,"['Torrent', 'Rain Dish']"
9,Blastoise,water,,1,no,1.6,85.5,78,79,103,135,120,115,5120,70,630,45,1059860,88.1,"['Torrent', 'Rain Dish']"
10,Caterpie,bug,,1,no,0.3,2.9,45,45,30,20,35,20,3840,70,195,255,1000000,50,"['Shield Dust', 'Run Away']"
11,Metapod,bug,,1,no,0.7,9.9,30,50,20,25,55,25,3840,70,205,120,1000000,50,['Shed Skin']
12,Butterfree,bug,flying,1,no,1.1,32,70,60,45,90,50,80,3840,70,395,45,1000000,50,"['Compoundeyes', 'Tinted Lens']"
13,Weedle,bug,poison,1,no,0.3,3.2,50,40,35,20,30,20,3840,70,195,255,1000000,50,"['Shield Dust', 'Run Away']"
14,Kakuna,bug,poison,1,no,0.6,10,35,45,25,25,50,25,3840,70,205,120,1000000,50,['Shed Skin']
15,Beedrill,bug,poison,1,no,1,29.5,145,65,150,15,40,80,3840,70,495,45,1000000,50,"['Swarm', 'Sniper']"
16,Pidgey,normal,flying,1,no,0.3,1.8,56,40,45,35,40,35,3840,70,251,255,1059860,50,"['Keen Eye', 'Tangled Feet', 'Big Pecks']"
17,Pidgeotto,normal,flying,1,no,1.1,30,71,63,60,50,55,50,3840,70,349,120,1059860,50,"['Keen Eye', 'Tangled Feet', 'Big Pecks']"
18,Pidgeot,normal,flying,1,no,1.5,39.5,121,83,80,135,80,80,3840,70,579,45,1059860,50,"['Keen Eye', 'Tangled Feet', 'Big Pecks']"
19,Rattata,normal,dark,1,no,,,72,30,56,25,35,35,3840,70,253,255,1000000,50,"['Run Away', 'Guts', 'Hustle', 'Gluttony', 'Hustle', 'Thick Fat']"
20,Raticate,normal,dark,1,no,,,77,75,71,40,70,80,3840,70,413,127,1000000,50,"['Run Away', 'Guts', 'Hustle', 'Gluttony', 'Hustle', 'Thick Fat']"
21,Spearow,normal,flying,1,no,0.3,2,70,40,60,31,30,31,3840,70,262,255,1000000,50,"['Keen Eye', 'Sniper']"
22,Fearow,normal,flying,1,no,1.2,38,100,65,90,61,65,61,3840,70,442,90,1000000,50,"['Keen Eye', 'Sniper']"
23,Ekans,poison,,1,no,2,6.9,55,35,60,40,44,54,5120,70,288,255,1000000,50,"['Intimidate', 'Shed Skin', 'Unnerve']"
24,Arbok,poison,,1,no,3.5,65,80,60,95,65,69,79,5120,70,448,90,1000000,50,"['Intimidate', 'Shed Skin', 'Unnerve']"
25,Pikachu,electric,,1,no,0.4,6,90,35,55,50,40,50,2560,70,320,190,1000000,50,"['Static', 'Lightningrod']"
26,Raichu,electric,electric,1,no,,,110,60,85,95,50,85,2560,70,485,75,1000000,50,"['Static', 'Lightningrod', 'Surge Surfer']"
27,Sandshrew,ground,ice,1,no,,,40,50,75,10,90,35,5120,70,300,255,1000000,50,"['Sand Veil', 'Sand Rush', 'Snow Cloak', 'Slush Rush']"
28,Sandslash,ground,ice,1,no,,,65,75,100,25,120,65,5120,70,450,90,1000000,50,"['Sand Veil', 'Sand Rush', 'Snow Cloak', 'Slush Rush']"
29,Nidoran♀,poison,,1,no,0.4,7,41,55,47,40,52,40,5120,70,275,235,1059860,0,"['Poison Point', 'Rivalry', 'Hustle']"
30,Nidorina,poison,,1,no,0.8,20,56,70,62,55,67,55,5120,70,365,120,1059860,0,"['Poison Point', 'Rivalry', 'Hustle']"
31,Nidoqueen,poison,ground,1,no,1.3,60,76,90,92,75,87,85,5120,70,505,45,1059860,0,"['Poison Point', 'Rivalry', 'Sheer Force']"
32,Nidoran♂,poison,,1,no,0.5,9,50,46,57,40,40,40,5120,70,273,235,1059860,100,"['Poison Point', 'Rivalry', 'Hustle']"
33,Nidorino,poison,,1,no,0.9,19.5,65,61,72,55,57,55,5120,70,365,120,1059860,100,"['Poison Point', 'Rivalry', 'Hustle']"
34,Nidoking,poison,ground,1,no,1.4,62,85,81,102,85,77,75,5120,70,505,45,1059860,100,"['Poison Point', 'Rivalry', 'Sheer Force']"
35,Clefairy,fairy,,1,no,0.6,7.5,35,70,45,60,48,65,2560,140,323,150,800000,24.6,"['Cute Charm', 'Magic Guard', 'Friend Guard']"
36,Clefable,fairy,,1,no,1.3,40,60,95,70,95,73,90,2560,140,483,25,800000,24.6,"['Cute Charm', 'Magic Guard', 'Unaware']"
37,Vulpix,fire,ice,1,no,,,65,38,41,50,40,65,5120,70,299,190,1000000,24.6,"['Flash Fire', 'Drought', 'Snow Cloak', 'Snow Warning']"
38,Ninetales,fire,ice,1,no,,,109,73,67,81,75,100,5120,70,505,75,1000000,24.6,"['Flash Fire', 'Drought', 'Snow Cloak', 'Snow Warning']"
39,Jigglypuff,normal,fairy,1,no,0.5,5.5,20,115,45,45,20,25,2560,70,270,170,800000,24.6,"['Cute Charm', 'Competitive', 'Friend Guard']"
40,Wigglytuff,normal,fairy,1,no,1,12,45,140,70,85,45,50,2560,70,435,50,800000,24.6,"['Cute Charm', 'Competitive', 'Frisk']"
41,Zubat,poison,flying,1,no,0.8,7.5,55,40,45,30,35,40,3840,70,245,255,1000000,50,"['Inner Focus', 'Infiltrator']"
42,Golbat,poison,flying,1,no,1.6,55,90,75,80,65,70,75,3840,70,455,90,1000000,50,"['Inner Focus', 'Infiltrator']"
43,Oddish,grass,poison,1,no,0.5,5.4,30,45,50,75,55,65,5120,70,320,255,1059860,50,"['Chlorophyll', 'Run Away']"
44,Gloom,grass,poison,1,no,0.8,8.6,40,60,65,85,70,75,5120,70,395,120,1059860,50,"['Chlorophyll', 'Stench']"
45,Vileplume,grass,poison,1,no,1.2,18.6,50,75,80,110,85,90,5120,70,490,45,1059860,50,"['Chlorophyll', 'Effect Spore']"
46,Paras,bug,grass,1,no,0.3,5.4,25,35,70,45,55,55,5120,70,285,190,1000000,50,"['Effect Spore', 'Dry Skin', 'Damp']"
47,Parasect,bug,grass,1,no,1,29.5,30,60,95,60,80,80,5120,70,405,75,1000000,50,"['Effect Spore', 'Dry Skin', 'Damp']"
48,Venonat,bug,poison,1,no,1,30,45,60,55,40,50,55,5120,70,305,190,1000000,50,"['Compoundeyes', 'Tinted Lens', 'Run Away']"
49,Venomoth,bug,poison,1,no,1.5,12.5,90,70,65,90,60,75,5120,70,450,75,1000000,50,"['Shield Dust', 'Tinted Lens', 'Wonder Skin ']"
50,Diglett,ground,ground,1,no,,,90,10,55,35,30,45,5120,70,265,255,1000000,50,"['Sand Veil', 'Arena Trap', 'Sand Force', 'Sand Veil', 'Tangling Hair', 'Sand Force']"
51,Dugtrio,ground,ground,1,no,,,110,35,100,50,60,70,5120,70,425,50,1000000,50,"['Sand Veil', 'Arena Trap', 'Sand Force', 'Sand Veil', 'Tangling Hair', 'Sand Force']"
52,Meowth,normal,dark,1,no,,,90,40,35,50,35,40,5120,70,290,255,1000000,50,"['Pickup', 'Technician', 'Unnerve', 'Pickup', 'Technician', 'Rattled']"
53,Persian,normal,dark,1,no,,,115,65,60,75,60,65,5120,70,440,90,1000000,50,"['Limber', 'Technician', 'Unnerve', 'Fur Coat', 'Technician', 'Rattled']"
54,Psyduck,water,,1,no,0.8,19.6,55,50,52,65,48,50,5120,70,320,190,1000000,50,"['Damp', 'Cloud Nine', 'Swift Swim']"
55,Golduck,water,,1,no,1.7,76.6,85,80,82,95,78,80,5120,70,500,75,1000000,50,"['Damp', 'Cloud Nine', 'Swift Swim']"
56,Mankey,fighting,,1,no,0.5,28,70,40,80,35,35,45,5120,70,305,190,1000000,50,"['Vital Spirit', 'Anger Point', 'Defiant']"
57,Primeape,fighting,,1,no,1,32,95,65,105,60,60,70,5120,70,455,75,1000000,50,"['Vital Spirit', 'Anger Point', 'Defiant']"
58,Growlithe,fire,,1,no,0.7,19,60,55,70,70,45,50,5120,70,350,190,1250000,75.4,"['Intimidate', 'Flash Fire', 'Justified']"
59,Arcanine,fire,,1,no,1.9,155,95,90,110,100,80,80,5120,70,555,75,1250000,75.4,"['Intimidate', 'Flash Fire', 'Justified']"
60,Poliwag,water,,1,no,0.6,12.4,90,40,50,40,40,40,5120,70,300,255,1059860,50,"['Water Absorb', 'Damp', 'Swift Swim']"
61,Poliwhirl,water,,1,no,1,20,90,65,65,50,65,50,5120,70,385,120,1059860,50,"['Water Absorb', 'Damp', 'Swift Swim']"
62,Poliwrath,water,fighting,1,no,1.3,54,70,90,95,70,95,90,5120,70,510,45,1059860,50,"['Water Absorb', 'Damp', 'Swift Swim']"
63,Abra,psychic,,1,no,0.9,19.5,90,25,20,105,15,55,5120,70,310,200,1059860,75.4,"['Synchronize', 'Inner Focus', 'Magic Guard']"
64,Kadabra,psychic,,1,no,1.3,56.5,105,40,35,120,30,70,5120,70,400,100,1059860,75.4,"['Synchronize', 'Inner Focus', 'Magic Guard']"
65,Alakazam,psychic,,1,no,1.5,48,150,55,50,175,65,105,5120,70,600,50,1059860,75.4,"['Synchronize', 'Inner Focus', 'Magic Guard']"
66,Machop,fighting,,1,no,0.8,19.5,35,70,80,35,50,35,5120,70,305,180,1059860,75.4,"['Guts', 'No Guard', 'Steadfast']"
67,Machoke,fighting,,1,no,1.5,70.5,45,80,100,50,70,60,5120,70,405,90,1059860,75.4,"['Guts', 'No Guard', 'Steadfast']"
68,Machamp,fighting,,1,no,1.6,130,55,90,130,65,80,85,5120,70,505,45,1059860,75.4,"['Guts', 'No Guard', 'Steadfast']"
69,Bellsprout,grass,poison,1,no,0.7,4,40,50,75,70,35,30,5120,70,300,255,1059860,50,"['Chlorophyll', 'Gluttony']"
70,Weepinbell,grass,poison,1,no,1,6.4,55,65,90,85,50,45,5120,70,390,120,1059860,50,"['Chlorophyll', 'Gluttony']"
71,Victreebel,grass,poison,1,no,1.7,15.5,70,80,105,100,65,70,5120,70,490,45,1059860,50,"['Chlorophyll', 'Gluttony']"
72,Tentacool,water,poison,1,no,0.9,45.5,70,40,40,50,35,100,5120,70,335,190,1250000,50,"['Clear Body', 'Liquid Ooze', 'Rain Dish']"
73,Tentacruel,water,poison,1,no,1.6,55,100,80,70,80,65,120,5120,70,515,60,1250000,50,"['Clear Body', 'Liquid Ooze', 'Rain Dish']"
74,Geodude,rock,ground,1,no,,,20,40,80,30,100,30,3840,70,300,255,1059860,50,"['Rock Head', 'Sturdy', 'Sand Veil', 'Magnet Pull', 'Sturdy', 'Galvanize']"
75,Graveler,rock,ground,1,no,,,35,55,95,45,115,45,3840,70,390,120,1059860,50,"['Rock Head', 'Sturdy', 'Sand Veil', 'Magnet Pull', 'Sturdy', 'Galvanize']"
76,Golem,rock,ground,1,no,,,45,80,120,55,130,65,3840,70,495,45,1059860,50,"['Rock Head', 'Sturdy', 'Sand Veil', 'Magnet Pull', 'Sturdy', 'Galvanize']"
77,Ponyta,fire,,1,no,1,30,90,50,85,65,55,65,5120,70,410,190,1000000,50,"['Run Away', 'Flash Fire', 'Flame Body']"
78,Rapidash,fire,,1,no,1.7,95,105,65,100,80,70,80,5120,70,500,60,1000000,50,"['Run Away', 'Flash Fire', 'Flame Body']"
79,Slowpoke,water,psychic,1,no,1.2,36,15,90,65,40,65,40,5120,70,315,190,1000000,50,"['Oblivious', 'Own Tempo', 'Regenerator']"
80,Slowbro,water,psychic,1,no,1.6,78.5,30,95,75,130,180,80,5120,70,590,75,1000000,50,"['Oblivious', 'Own Tempo', 'Regenerator']"
81,Magnemite,electric,steel,1,no,0.3,6,45,25,35,95,70,55,5120,70,325,190,1000000,,"['Magnet Pull', 'Sturdy', 'Analytic']"
82,Magneton,electric,steel,1,no,1,60,70,50,60,120,95,70,5120,70,465,60,1000000,,"['Magnet Pull', 'Sturdy', 'Analytic']"
83,Farfetch'd,normal,flying,1,no,0.8,15,60,52,90,58,55,62,5120,70,377,45,1000000,50,"['Keen Eye', 'Inner Focus', 'Defiant']"
84,Doduo,normal,flying,1,no,1.4,39.2,75,35,85,35,45,35,5120,70,310,190,1000000,50,"['Run Away', 'Early Bird', 'Tangled Feet']"
85,Dodrio,normal,flying,1,no,1.8,85.2,110,60,110,60,70,60,5120,70,470,45,1000000,50,"['Run Away', 'Early Bird', 'Tangled Feet']"
86,Seel,water,,1,no,1.1,90,45,65,45,45,55,70,5120,70,325,190,1000000,50,"['Thick Fat', 'Hydration', 'Ice Body']"
87,Dewgong,water,ice,1,no,1.7,120,70,90,70,70,80,95,5120,70,475,75,1000000,50,"['Thick Fat', 'Hydration', 'Ice Body']"
88,Grimer,poison,poison,1,no,,,25,80,80,40,50,50,5120,70,325,190,1000000,50,"['Stench', 'Sticky Hold', 'Poison Touch', 'Poison Touch', 'Gluttony', 'Power of Alchemy']"
89,Muk,poison,poison,1,no,,,50,105,105,65,75,100,5120,70,500,75,1000000,50,"['Stench', 'Sticky Hold', 'Poison Touch', 'Poison Touch', 'Gluttony', 'Power of Alchemy']"
90,Shellder,water,,1,no,0.3,4,40,30,65,45,100,25,5120,70,305,190,1250000,50,"['Shell Armor', 'Skill Link', 'Overcoat']"
91,Cloyster,water,ice,1,no,1.5,132.5,70,50,95,85,180,45,5120,70,525,60,1250000,50,"['Shell Armor', 'Skill Link', 'Overcoat']"
92,Gastly,ghost,poison,1,no,1.3,0.1,80,30,35,100,30,35,5120,70,310,190,1059860,50,['Levitate']
93,Haunter,ghost,poison,1,no,1.6,0.1,95,45,50,115,45,55,5120,70,405,90,1059860,50,['Levitate']
94,Gengar,ghost,poison,1,no,1.5,40.5,130,60,65,170,80,95,5120,70,600,45,1059860,50,['Cursed Body']
95,Onix,rock,ground,1,no,8.8,210,70,35,45,30,160,45,6400,70,385,45,1000000,50,"['Rock Head', 'Sturdy', 'Weak Armor']"
96,Drowzee,psychic,,1,no,1,32.4,42,60,48,43,45,90,5120,70,328,190,1000000,50,"['Insomnia', 'Forewarn', 'Inner Focus']"
97,Hypno,psychic,,1,no,1.6,75.6,67,85,73,73,70,115,5120,70,483,75,1000000,50,"['Insomnia', 'Forewarn', 'Inner Focus']"
98,Krabby,water,,1,no,0.4,6.5,50,30,105,25,90,25,5120,70,325,225,1000000,50,"['Hyper Cutter', 'Shell Armor', 'Sheer Force']"
99,Kingler,water,,1,no,1.3,60,75,55,130,50,115,50,5120,70,475,60,1000000,50,"['Hyper Cutter', 'Shell Armor', 'Sheer Force']"
100,Voltorb,electric,,1,no,0.5,10.4,100,40,30,55,50,55,5120,70,330,190,1000000,,"['Soundproof', 'Static', 'Aftermath']"
101,Electrode,electric,,1,no,1.2,66.6,150,60,50,80,70,80,5120,70,490,60,1000000,,"['Soundproof', 'Static', 'Aftermath']"
102,Exeggcute,grass,psychic,1,no,0.4,2.5,40,60,40,60,80,45,5120,70,325,90,1250000,50,"['Chlorophyll', 'Harvest']"
103,Exeggutor,grass,psychic,1,no,,,45,95,105,125,85,75,5120,70,530,45,1250000,50,"['Chlorophyll', 'Harvest', 'Frisk', 'Harvest']"
104,Cubone,ground,,1,no,0.4,6.5,35,50,50,40,95,50,5120,70,320,190,1000000,50,"['Rock Head', 'Lightningrod', 'Battle Armor']"
105,Marowak,ground,fire,1,no,,,45,60,80,50,110,80,5120,70,425,75,1000000,50,"['Rock Head', 'Lightningrod', 'Battle Armor', 'Cursed Body', 'Lightningrod', 'Rock Head']"
106,Hitmonlee,fighting,,1,no,1.5,49.8,87,50,120,35,53,110,6400,70,455,45,1000000,100,"['Limber', 'Reckless', 'Unburden']"
107,Hitmonchan,fighting,,1,no,1.4,50.2,76,50,105,35,79,110,6400,70,455,45,1000000,100,"['Keen Eye', 'Iron Fist', 'Inner Focus']"
108,Lickitung,normal,,1,no,1.2,65.5,30,90,55,60,75,75,5120,70,385,45,1000000,50,"['Own Tempo', 'Oblivious', 'Cloud Nine']"
109,Koffing,poison,,1,no,0.6,1,35,40,65,60,95,45,5120,70,340,190,1000000,50,['Levitate']
110,Weezing,poison,,1,no,1.2,9.5,60,65,90,85,120,70,5120,70,490,60,1000000,50,['Levitate']
111,Rhyhorn,ground,rock,1,no,1,115,25,80,85,30,95,30,5120,70,345,120,1250000,50,"['Lightningrod', 'Rock Head', 'Reckless']"
112,Rhydon,ground,rock,1,no,1.9,120,40,105,130,45,120,45,5120,70,485,60,1250000,50,"['Lightningrod', 'Rock Head', 'Reckless']"
113,Chansey,normal,,1,no,1.1,34.6,50,250,5,35,5,105,10240,140,450,30,800000,0,"['Natural Cure', 'Serene Grace', 'Healer']"
114,Tangela,grass,,1,no,1,35,60,65,55,100,115,40,5120,70,435,45,1000000,50,"['Chlorophyll', 'Leaf Guard', 'Regenerator']"
115,Kangaskhan,normal,,1,no,2.2,80,100,105,125,60,100,100,5120,70,590,45,1000000,0,"['Early Bird', 'Scrappy', 'Inner Focus']"
116,Horsea,water,,1,no,0.4,8,60,30,40,70,70,25,5120,70,295,225,1000000,50,"['Swift Swim', 'Sniper', 'Damp']"
117,Seadra,water,,1,no,1.2,25,85,55,65,95,95,45,5120,70,440,75,1000000,50,"['Poison Point', 'Sniper', 'Damp']"
118,Goldeen,water,,1,no,0.6,15,63,45,67,35,60,50,5120,70,320,225,1000000,50,"['Swift Swim', 'Water Veil', 'Lightningrod']"
119,Seaking,water,,1,no,1.3,39,68,80,92,65,65,80,5120,70,450,60,1000000,50,"['Swift Swim', 'Water Veil', 'Lightningrod']"
120,Staryu,water,,1,no,0.8,34.5,85,30,45,70,55,55,5120,70,340,225,1250000,,"['Illuminate', 'Natural Cure', 'Analytic']"
121,Starmie,water,psychic,1,no,1.1,80,115,60,75,100,85,85,5120,70,520,60,1250000,,"['Illuminate', 'Natural Cure', 'Analytic']"
122,Mr. Mime,psychic,fairy,1,no,1.3,54.5,90,40,45,100,65,120,6400,70,460,45,1000000,50,"['Soundproof', 'Filter', 'Technician']"
123,Scyther,bug,flying,1,no,1.5,56,105,70,110,55,80,80,6400,70,500,45,1000000,50,"['Swarm', 'Technician', 'Steadfast']"
124,Jynx,ice,psychic,1,no,1.4,40.6,95,65,50,115,35,95,6400,70,455,45,1000000,0,"['Oblivious', 'Forewarn', 'Dry Skin']"
125,Electabuzz,electric,,1,no,1.1,30,105,65,83,95,57,85,6400,70,490,45,1000000,75.4,"['Static', 'Vital Spirit']"
126,Magmar,fire,,1,no,1.3,44.5,93,65,95,100,57,85,6400,70,495,45,1000000,75.4,"['Flame Body', 'Vital Spirit']"
127,Pinsir,bug,,1,no,1.5,55,105,65,155,65,120,90,6400,70,600,45,1250000,50,"['Hyper Cutter', 'Mold Breaker', 'Moxie']"
128,Tauros,normal,,1,no,1.4,88.4,110,75,100,40,95,70,5120,70,490,45,1250000,100,"['Intimidate', 'Anger Point', 'Sheer Force']"
129,Magikarp,water,,1,no,0.9,10,80,20,10,15,55,20,1280,70,200,255,1250000,50,"['Swift Swim', 'Rattled']"
130,Gyarados,water,flying,1,no,6.5,235,81,95,155,70,109,130,1280,70,640,45,1250000,50,"['Intimidate', 'Moxie']"
131,Lapras,water,ice,1,no,2.5,220,60,130,85,85,80,95,10240,70,535,45,1250000,50,"['Water Absorb', 'Shell Armor', 'Hydration']"
132,Ditto,normal,,1,no,0.3,4,48,48,48,48,48,48,5120,70,288,35,1000000,,"['Limber', 'Imposter']"
133,Eevee,normal,,1,no,0.3,6.5,55,55,55,45,50,65,8960,70,325,45,1000000,88.1,"['Run Away', 'Adaptability', 'Anticipation']"
134,Vaporeon,water,,1,no,1,29,65,130,65,110,60,95,8960,70,525,45,1000000,88.1,"['Water Absorb', 'Hydration']"
135,Jolteon,electric,,1,no,0.8,24.5,130,65,65,110,60,95,8960,70,525,45,1000000,88.1,"['Volt Absorb', 'Quick Feet']"
136,Flareon,fire,,1,no,0.9,25,65,65,130,95,60,110,8960,70,525,45,1000000,88.1,"['Flash Fire', 'Guts']"
137,Porygon,normal,,1,no,0.8,36.5,40,65,60,85,70,75,5120,70,395,45,1000000,,"['Trace', 'Download', 'Analytic']"
138,Omanyte,rock,water,1,no,0.4,7.5,35,35,40,90,100,55,7680,70,355,45,1000000,88.1,"['Swift Swim', 'Shell Armor', 'Weak Armor']"
139,Omastar,rock,water,1,no,1,35,55,70,60,115,125,70,7680,70,495,45,1000000,88.1,"['Swift Swim', 'Shell Armor', 'Weak Armor']"
140,Kabuto,rock,water,1,no,0.5,11.5,55,30,80,55,90,45,7680,70,355,45,1000000,88.1,"['Swift Swim', 'Battle Armor', 'Weak Armor']"
141,Kabutops,rock,water,1,no,1.3,40.5,80,60,115,65,105,70,7680,70,495,45,1000000,88.1,"['Swift Swim', 'Battle Armor', 'Weak Armor']"
142,Aerodactyl,rock,flying,1,no,1.8,59,150,80,135,70,85,95,8960,70,615,45,1250000,88.1,"['Rock Head', 'Pressure', 'Unnerve']"
143,Snorlax,normal,,1,no,2.1,460,30,160,110,65,65,110,10240,70,540,25,1250000,88.1,"['Immunity', 'Thick Fat', 'Gluttony']"
144,Articuno,ice,flying,1,yes,1.7,55.4,85,90,85,95,100,125,20480,35,580,3,1250000,,"['Pressure', 'Snow Cloak']"
145,Zapdos,electric,flying,1,yes,1.6,52.6,100,90,90,125,85,90,20480,35,580,3,1250000,,"['Pressure', 'Static']"
146,Moltres,fire,flying,1,yes,2,60,90,90,100,125,90,85,20480,35,580,3,1250000,,"['Pressure', 'Flame Body']"
147,Dratini,dragon,,1,no,1.8,3.3,50,41,64,50,45,50,10240,35,300,45,1250000,50,"['Shed Skin', 'Marvel Scale']"
148,Dragonair,dragon,,1,no,4,16.5,70,61,84,70,65,70,10240,35,420,45,1250000,50,"['Shed Skin', 'Marvel Scale']"
149,Dragonite,dragon,flying,1,no,2.2,210,80,91,134,100,95,100,10240,35,600,45,1250000,50,"['Inner Focus', 'Multiscale']"
150,Mewtwo,psychic,,1,yes,2,122,140,106,150,194,70,120,30720,0,780,3,1250000,,"['Pressure', 'Unnerve']"
151,Mew,psychic,,1,yes,0.4,4,100,100,100,100,100,100,30720,100,600,45,1059860,,['Synchronize']
152,Chikorita,grass,,2,no,0.9,6.4,45,45,49,49,65,65,5120,70,318,45,1059860,88.1,"['Overgrow', 'Leaf Guard']"
153,Bayleef,grass,,2,no,1.2,15.8,60,60,62,63,80,80,5120,70,405,45,1059860,88.1,"['Overgrow', 'Leaf Guard']"
154,Meganium,grass,,2,no,1.8,100.5,80,80,82,83,100,100,5120,70,525,45,1059860,88.1,"['Overgrow', 'Leaf Guard']"
155,Cyndaquil,fire,,2,no,0.5,7.9,65,39,52,60,43,50,5120,70,309,45,1059860,88.1,"['Blaze', 'Flash Fire']"
156,Quilava,fire,,2,no,0.9,19,80,58,64,80,58,65,5120,70,405,45,1059860,88.1,"['Blaze', 'Flash Fire']"
157,Typhlosion,fire,,2,no,1.7,79.5,100,78,84,109,78,85,5120,70,534,45,1059860,88.1,"['Blaze', 'Flash Fire']"
158,Totodile,water,,2,no,0.6,9.5,43,50,65,44,64,48,5120,70,314,45,1059860,88.1,"['Torrent', 'Sheer Force']"
159,Croconaw,water,,2,no,1.1,25,58,65,80,59,80,63,5120,70,405,45,1059860,88.1,"['Torrent', 'Sheer Force']"
160,Feraligatr,water,,2,no,2.3,88.8,78,85,105,79,100,83,5120,70,530,45,1059860,88.1,"['Torrent', 'Sheer Force']"
161,Sentret,normal,,2,no,0.8,6,20,35,46,35,34,45,3840,70,215,255,1000000,50,"['Run Away', 'Keen Eye', 'Frisk']"
162,Furret,normal,,2,no,1.8,32.5,90,85,76,45,64,55,3840,70,415,90,1000000,50,"['Run Away', 'Keen Eye', 'Frisk']"
163,Hoothoot,normal,flying,2,no,0.7,21.2,50,60,30,36,30,56,3840,70,262,255,1000000,50,"['Insomnia', 'Keen Eye', 'Tinted Lens']"
164,Noctowl,normal,flying,2,no,1.6,40.8,70,100,50,86,50,96,3840,70,452,90,1000000,50,"['Insomnia', 'Keen Eye', 'Tinted Lens']"
165,Ledyba,bug,flying,2,no,1,10.8,55,40,20,40,30,80,3840,70,265,255,800000,50,"['Swarm', 'Early Bird', 'Rattled']"
166,Ledian,bug,flying,2,no,1.4,35.6,85,55,35,55,50,110,3840,70,390,90,800000,50,"['Swarm', 'Early Bird', 'Iron Fist']"
167,Spinarak,bug,poison,2,no,0.5,8.5,30,40,60,40,40,40,3840,70,250,255,800000,50,"['Swarm', 'Insomnia', 'Sniper']"
168,Ariados,bug,poison,2,no,1.1,33.5,40,70,90,60,70,70,3840,70,400,90,800000,50,"['Swarm', 'Insomnia', 'Sniper']"
169,Crobat,poison,flying,2,no,1.8,75,130,85,90,70,80,80,3840,70,535,90,1000000,50,"['Inner Focus', 'Infiltrator']"
170,Chinchou,water,electric,2,no,0.5,12,67,75,38,56,38,56,5120,70,330,190,1250000,50,"['Volt Absorb', 'Illuminate', 'Water Absorb']"
171,Lanturn,water,electric,2,no,1.2,22.5,67,125,58,76,58,76,5120,70,460,75,1250000,50,"['Volt Absorb', 'Illuminate', 'Water Absorb']"
172,Pichu,electric,,2,no,0.3,2,60,20,40,35,15,35,2560,70,205,190,1000000,50,"['Static', 'Lightningrod']"
173,Cleffa,fairy,,2,no,0.3,3,15,50,25,45,28,55,2560,140,218,150,800000,24.6,"['Cute Charm', 'Magic Guard', 'Friend Guard']"
174,Igglybuff,normal,fairy,2,no,0.3,1,15,90,30,40,15,20,2560,70,210,170,800000,24.6,"['Cute Charm', 'Competitive', 'Friend Guard']"
175,Togepi,fairy,,2,no,0.3,1.5,20,35,20,40,65,65,2560,70,245,190,800000,88.1,"['Hustle', 'Serene Grace', 'Super Luck']"
176,Togetic,fairy,flying,2,no,0.6,3.2,40,55,40,80,85,105,2560,70,405,75,800000,88.1,"['Hustle', 'Serene Grace', 'Super Luck']"
177,Natu,psychic,flying,2,no,0.2,2,70,40,50,70,45,45,5120,70,320,190,1000000,50,"['Synchronize', 'Early Bird', 'Magic Bounce']"
178,Xatu,psychic,flying,2,no,1.5,15,95,65,75,95,70,70,5120,70,470,75,1000000,50,"['Synchronize', 'Early Bird', 'Magic Bounce']"
179,Mareep,electric,,2,no,0.6,7.8,35,55,40,65,40,45,5120,70,280,235,1059860,50,"['Static', 'Plus']"
180,Flaaffy,electric,,2,no,0.8,13.3,45,70,55,80,55,60,5120,70,365,120,1059860,50,"['Static', 'Plus']"
181,Ampharos,electric,,2,no,1.4,61.5,45,90,95,165,105,110,5120,70,610,45,1059860,50,"['Static', 'Plus']"
182,Bellossom,grass,,2,no,0.4,5.8,50,75,80,90,95,100,5120,70,490,45,1059860,50,"['Chlorophyll', 'Healer']"
183,Marill,water,fairy,2,no,0.4,8.5,40,70,20,20,50,50,2560,70,250,190,800000,50,"['Thick Fat', 'Huge Power', 'Sap Sipper']"
184,Azumarill,water,fairy,2,no,0.8,28.5,50,100,50,60,80,80,2560,70,420,75,800000,50,"['Thick Fat', 'Huge Power', 'Sap Sipper']"
185,Sudowoodo,rock,,2,no,1.2,38,30,70,100,30,115,65,5120,70,410,65,1000000,50,"['Sturdy', 'Rock Head', 'Rattled']"
186,Politoed,water,,2,no,1.1,33.9,70,90,75,90,75,100,5120,70,500,45,1059860,50,"['Water Absorb', 'Damp', 'Drizzle']"
187,Hoppip,grass,flying,2,no,0.4,0.5,50,35,35,35,40,55,5120,70,250,255,1059860,50,"['Chlorophyll', 'Leaf Guard', 'Infiltrator']"
188,Skiploom,grass,flying,2,no,0.6,1,80,55,45,45,50,65,5120,70,340,120,1059860,50,"['Chlorophyll', 'Leaf Guard', 'Infiltrator']"
189,Jumpluff,grass,flying,2,no,0.8,3,110,75,55,55,70,95,5120,70,460,45,1059860,50,"['Chlorophyll', 'Leaf Guard', 'Infiltrator']"
190,Aipom,normal,,2,no,0.8,11.5,85,55,70,40,55,55,5120,70,360,45,800000,50,"['Run Away', 'Pickup', 'Skill Link']"
191,Sunkern,grass,,2,no,0.3,1.8,30,30,30,30,30,30,5120,70,180,235,1059860,50,"['Chlorophyll', 'Solar Power', 'Early Bird']"
192,Sunflora,grass,,2,no,0.8,8.5,30,75,75,105,55,85,5120,70,425,120,1059860,50,"['Chlorophyll', 'Solar Power', 'Early Bird']"
193,Yanma,bug,flying,2,no,1.2,38,95,65,65,75,45,45,5120,70,390,75,1000000,50,"['Speed Boost', 'Compoundeyes', 'Frisk']"
194,Wooper,water,ground,2,no,0.4,8.5,15,55,45,25,45,25,5120,70,210,255,1000000,50,"['Damp', 'Water Absorb', 'Unaware']"
195,Quagsire,water,ground,2,no,1.4,75,35,95,85,65,85,65,5120,70,430,90,1000000,50,"['Damp', 'Water Absorb', 'Unaware']"
196,Espeon,psychic,,2,no,0.9,26.5,110,65,65,130,60,95,8960,70,525,45,1000000,88.1,"['Synchronize', 'Magic Bounce']"
197,Umbreon,dark,,2,no,1,27,65,95,65,60,110,130,8960,35,525,45,1000000,88.1,"['Synchronize', 'Inner Focus']"
198,Murkrow,dark,flying,2,no,0.5,2.1,91,60,85,85,42,42,5120,35,405,30,1059860,50,"['Insomnia', 'Super Luck', 'Prankster']"
199,Slowking,water,psychic,2,no,2,79.5,30,95,75,100,80,110,5120,70,490,70,1000000,50,"['Oblivious', 'Own Tempo', 'Regenerator']"
200,Misdreavus,ghost,,2,no,0.7,1,85,60,60,85,60,85,6400,35,435,45,800000,50,['Levitate']
201,Unown,psychic,,2,no,0.5,5,48,48,72,72,48,48,10240,70,336,225,1000000,,['Levitate']
202,Wobbuffet,psychic,,2,no,1.3,28.5,33,190,33,33,58,58,5120,70,405,45,1000000,50,"['Shadow Tag', 'Telepathy']"
203,Girafarig,normal,psychic,2,no,1.5,41.5,85,70,80,90,65,65,5120,70,455,60,1000000,50,"['Inner Focus', 'Early Bird', 'Sap Sipper']"
204,Pineco,bug,,2,no,0.6,7.2,15,50,65,35,90,35,5120,70,290,190,1000000,50,"['Sturdy', 'Overcoat']"
205,Forretress,bug,steel,2,no,1.2,125.8,40,75,90,60,140,60,5120,70,465,75,1000000,50,"['Sturdy', 'Overcoat']"
206,Dunsparce,normal,,2,no,1.5,14,45,100,70,65,70,65,5120,70,415,190,1000000,50,"['Serene Grace', 'Run Away', 'Rattled']"
207,Gligar,ground,flying,2,no,1.1,64.8,85,65,75,35,105,65,5120,70,430,60,1059860,50,"['Hyper Cutter', 'Sand Veil', 'Immunity']"
208,Steelix,steel,ground,2,no,9.2,400,30,75,125,55,230,95,6400,70,610,25,1000000,50,"['Rock Head', 'Sturdy', 'Sheer Force']"
209,Snubbull,fairy,,2,no,0.6,7.8,30,60,80,40,50,40,5120,70,300,190,800000,24.6,"['Intimidate', 'Run Away', 'Rattled']"
210,Granbull,fairy,,2,no,1.4,48.7,45,90,120,60,75,60,5120,70,450,75,800000,24.6,"['Intimidate', 'Quick Feet', 'Rattled']"
211,Qwilfish,water,poison,2,no,0.5,3.9,85,65,95,55,85,55,5120,70,440,45,1000000,50,"['Poison Point', 'Swift Swim', 'Intimidate']"
212,Scizor,bug,steel,2,no,1.8,118,75,70,150,65,140,100,6400,70,600,25,1000000,50,"['Swarm', 'Technician', 'Light Metal']"
213,Shuckle,bug,rock,2,no,0.6,20.5,5,20,10,10,230,230,5120,70,505,190,1059860,50,"['Sturdy', 'Gluttony', 'Contrary']"
214,Heracross,bug,fighting,2,no,1.5,54,75,80,185,40,115,105,6400,70,600,45,1250000,50,"['Swarm', 'Guts', 'Moxie']"
215,Sneasel,dark,ice,2,no,0.9,28,115,55,95,35,55,75,5120,35,430,60,1059860,50,"['Inner Focus', 'Keen Eye', 'Pickpocket']"
216,Teddiursa,normal,,2,no,0.6,8.8,40,60,80,50,50,50,5120,70,330,120,1000000,50,"['Pickup', 'Quick Feet', 'Honey Gather']"
217,Ursaring,normal,,2,no,1.8,125.8,55,90,130,75,75,75,5120,70,500,60,1000000,50,"['Guts', 'Quick Feet', 'Unnerve']"
218,Slugma,fire,,2,no,0.7,35,20,40,40,70,40,40,5120,70,250,190,1000000,50,"['Magma Armor', 'Flame Body', 'Weak Armor']"
219,Magcargo,fire,rock,2,no,0.8,55,30,60,50,90,120,80,5120,70,430,75,1000000,50,"['Magma Armor', 'Flame Body', 'Weak Armor']"
220,Swinub,ice,ground,2,no,0.4,6.5,50,50,50,30,40,30,5120,70,250,225,1250000,50,"['Oblivious', 'Snow Cloak', 'Thick Fat']"
221,Piloswine,ice,ground,2,no,1.1,55.8,50,100,100,60,80,60,5120,70,450,75,1250000,50,"['Oblivious', 'Snow Cloak', 'Thick Fat']"
222,Corsola,water,rock,2,no,0.6,5,35,65,55,65,95,95,5120,70,410,60,800000,24.6,"['Hustle', 'Natural Cure', 'Regenerator']"
223,Remoraid,water,,2,no,0.6,12,65,35,65,65,35,35,5120,70,300,190,1000000,50,"['Hustle', 'Sniper', 'Moody']"
224,Octillery,water,,2,no,0.9,28.5,45,75,105,105,75,75,5120,70,480,75,1000000,50,"['Suction Cups', 'Sniper', 'Moody']"
225,Delibird,ice,flying,2,no,0.9,16,75,45,55,65,45,45,5120,70,330,45,800000,50,"['Vital Spirit', 'Hustle', 'Insomnia']"
226,Mantine,water,flying,2,no,2.1,220,70,85,40,80,70,140,6400,70,485,25,1250000,50,"['Swift Swim', 'Water Absorb', 'Water Veil']"
227,Skarmory,steel,flying,2,no,1.7,50.5,70,65,80,40,140,70,6400,70,465,25,1250000,50,"['Keen Eye', 'Sturdy', 'Weak Armor']"
228,Houndour,dark,fire,2,no,0.6,10.8,65,45,60,80,30,50,5120,35,330,120,1250000,50,"['Early Bird', 'Flash Fire', 'Unnerve']"
229,Houndoom,dark,fire,2,no,1.4,35,115,75,90,140,90,90,5120,35,600,45,1250000,50,"['Early Bird', 'Flash Fire', 'Unnerve']"
230,Kingdra,water,dragon,2,no,1.8,152,85,75,95,95,95,95,5120,70,540,45,1000000,50,"['Swift Swim', 'Sniper', 'Damp']"
231,Phanpy,ground,,2,no,0.5,33.5,40,90,60,40,60,40,5120,70,330,120,1000000,50,"['Pickup', 'Sand Veil']"
232,Donphan,ground,,2,no,1.1,120,50,90,120,60,120,60,5120,70,500,60,1000000,50,"['Sturdy', 'Sand Veil']"
233,Porygon2,normal,,2,no,0.6,32.5,60,85,80,105,90,95,5120,70,515,45,1000000,,"['Trace', 'Download', 'Analytic']"
234,Stantler,normal,,2,no,1.4,71.2,85,73,95,85,62,65,5120,70,465,45,1250000,50,"['Intimidate', 'Frisk', 'Sap Sipper']"
235,Smeargle,normal,,2,no,1.2,58,75,55,20,20,35,45,5120,70,250,45,800000,50,"['Own Tempo', 'Technician', 'Moody']"
236,Tyrogue,fighting,,2,no,0.7,21,35,35,35,35,35,35,6400,70,210,75,1000000,100,"['Guts', 'Steadfast', 'Vital Spirit']"
237,Hitmontop,fighting,,2,no,1.4,48,70,50,95,35,95,110,6400,70,455,45,1000000,100,"['Intimidate', 'Technician', 'Steadfast']"
238,Smoochum,ice,psychic,2,no,0.4,6,65,45,30,85,15,65,6400,70,305,45,1000000,0,"['Oblivious', 'Forewarn', 'Hydration']"
239,Elekid,electric,,2,no,0.6,23.5,95,45,63,65,37,55,6400,70,360,45,1000000,75.4,"['Static', 'Vital Spirit']"
240,Magby,fire,,2,no,0.7,21.4,83,45,75,70,37,55,6400,70,365,45,1000000,75.4,"['Flame Body', 'Vital Spirit']"
241,Miltank,normal,,2,no,1.2,75.5,100,95,80,40,105,70,5120,70,490,45,1250000,0,"['Thick Fat', 'Scrappy', 'Sap Sipper']"
242,Blissey,normal,,2,no,1.5,46.8,55,255,10,75,10,135,10240,140,540,30,800000,0,"['Natural Cure', 'Serene Grace', 'Healer']"
243,Raikou,electric,,2,yes,1.9,178,115,90,85,115,75,100,20480,35,580,3,1250000,,"['Pressure', 'Inner Focus']"
244,Entei,fire,,2,yes,2.1,198,100,115,115,90,85,75,20480,35,580,3,1250000,,"['Pressure', 'Inner Focus']"
245,Suicune,water,,2,yes,2,187,85,100,75,90,115,115,20480,35,580,3,1250000,,"['Pressure', 'Inner Focus']"
246,Larvitar,rock,ground,2,no,0.6,72,41,50,64,45,50,50,10240,35,300,45,1250000,50,"['Guts', 'Sand Veil']"
247,Pupitar,rock,ground,2,no,1.2,152,51,70,84,65,70,70,10240,35,410,45,1250000,50,['Shed Skin']
248,Tyranitar,rock,dark,2,no,2,202,71,100,164,95,150,120,10240,35,700,45,1250000,50,"['Sand Stream', 'Unnerve']"
249,Lugia,psychic,flying,2,yes,5.2,216,110,106,90,90,130,154,30720,0,680,3,1250000,,"['Pressure', 'Multiscale']"
250,Ho-Oh,fire,flying,2,yes,3.8,199,90,106,130,110,90,154,30720,0,680,3,1250000,,"['Pressure', 'Regenerator']"
251,Celebi,psychic,grass,2,yes,0.6,5,100,100,100,100,100,100,30720,100,600,45,1059860,,['Natural Cure']
252,Treecko,grass,,3,no,0.5,5,70,40,45,65,35,55,5120,70,310,45,1059860,88.1,"['Overgrow', 'Unburden']"
253,Grovyle,grass,,3,no,0.9,21.6,95,50,65,85,45,65,5120,70,405,45,1059860,88.1,"['Overgrow', 'Unburden']"
254,Sceptile,grass,,3,no,1.7,52.2,145,70,110,145,75,85,5120,70,630,45,1059860,88.1,"['Overgrow', 'Unburden']"
255,Torchic,fire,,3,no,0.4,2.5,45,45,60,70,40,50,5120,70,310,45,1059860,88.1,"['Blaze', 'Speed Boost']"
256,Combusken,fire,fighting,3,no,0.9,19.5,55,60,85,85,60,60,5120,70,405,45,1059860,88.1,"['Blaze', 'Speed Boost']"
257,Blaziken,fire,fighting,3,no,1.9,52,100,80,160,130,80,80,5120,70,630,45,1059860,88.1,"['Blaze', 'Speed Boost']"
258,Mudkip,water,,3,no,0.4,7.6,40,50,70,50,50,50,5120,70,310,45,1059860,88.1,"['Torrent', 'Damp']"
259,Marshtomp,water,ground,3,no,0.7,28,50,70,85,60,70,70,5120,70,405,45,1059860,88.1,"['Torrent', 'Damp']"
260,Swampert,water,ground,3,no,1.5,81.9,70,100,150,95,110,110,5120,70,635,45,1059860,88.1,"['Torrent', 'Damp']"
261,Poochyena,dark,,3,no,0.5,13.6,35,35,55,30,35,30,3840,70,220,255,1000000,50,"['Run Away', 'Quick Feet', 'Rattled']"
262,Mightyena,dark,,3,no,1,37,70,70,90,60,70,60,3840,70,420,127,1000000,50,"['Intimidate', 'Quick Feet', 'Moxie']"
263,Zigzagoon,normal,,3,no,0.4,17.5,60,38,30,30,41,41,3840,70,240,255,1000000,50,"['Pickup', 'Gluttony', 'Quick Feet']"
264,Linoone,normal,,3,no,0.5,32.5,100,78,70,50,61,61,3840,70,420,90,1000000,50,"['Pickup', 'Gluttony', 'Quick Feet']"
265,Wurmple,bug,,3,no,0.3,3.6,20,45,45,20,35,30,3840,70,195,255,1000000,50,"['Shield Dust', 'Run Away']"
266,Silcoon,bug,,3,no,0.6,10,15,50,35,25,55,25,3840,70,205,120,1000000,50,['Shed Skin']
267,Beautifly,bug,flying,3,no,1,28.4,65,60,70,100,50,50,3840,70,395,45,1000000,50,"['Swarm', 'Rivalry']"
268,Cascoon,bug,,3,no,0.7,11.5,15,50,35,25,55,25,3840,70,205,120,1000000,50,['Shed Skin']
269,Dustox,bug,poison,3,no,1.2,31.6,65,60,50,50,70,90,3840,70,385,45,1000000,50,"['Shield Dust', 'Compoundeyes']"
270,Lotad,water,grass,3,no,0.5,2.6,30,40,30,40,30,50,3840,70,220,255,1059860,50,"['Swift Swim', 'Rain Dish', 'Own Tempo']"
271,Lombre,water,grass,3,no,1.2,32.5,50,60,50,60,50,70,3840,70,340,120,1059860,50,"['Swift Swim', 'Rain Dish', 'Own Tempo']"
272,Ludicolo,water,grass,3,no,1.5,55,70,80,70,90,70,100,3840,70,480,45,1059860,50,"['Swift Swim', 'Rain Dish', 'Own Tempo']"
273,Seedot,grass,,3,no,0.5,4,30,40,40,30,50,30,3840,70,220,255,1059860,50,"['Chlorophyll', 'Early Bird', 'Pickpocket']"
274,Nuzleaf,grass,dark,3,no,1,28,60,70,70,60,40,40,3840,70,340,120,1059860,50,"['Chlorophyll', 'Early Bird', 'Pickpocket']"
275,Shiftry,grass,dark,3,no,1.3,59.6,80,90,100,90,60,60,3840,70,480,45,1059860,50,"['Chlorophyll', 'Early Bird', 'Pickpocket']"
276,Taillow,normal,flying,3,no,0.3,2.3,85,40,55,30,30,30,3840,70,270,200,1059860,50,"['Guts', 'Scrappy']"
277,Swellow,normal,flying,3,no,0.7,19.8,125,60,85,75,60,50,3840,70,455,45,1059860,50,"['Guts', 'Scrappy']"
278,Wingull,water,flying,3,no,0.6,9.5,85,40,30,55,30,30,5120,70,270,190,1000000,50,"['Keen Eye', 'Hydration', 'Rain Dish']"
279,Pelipper,water,flying,3,no,1.2,28,65,60,50,95,100,70,5120,70,440,45,1000000,50,"['Keen Eye', 'Drizzle', 'Rain Dish']"
280,Ralts,psychic,fairy,3,no,0.4,6.6,40,28,25,45,25,35,5120,35,198,235,1250000,50,"['Synchronize', 'Trace', 'Telepathy']"
281,Kirlia,psychic,fairy,3,no,0.8,20.2,50,38,35,65,35,55,5120,35,278,120,1250000,50,"['Synchronize', 'Trace', 'Telepathy']"
282,Gardevoir,psychic,fairy,3,no,1.6,48.4,100,68,85,165,65,135,5120,35,618,45,1250000,50,"['Synchronize', 'Trace', 'Telepathy']"
283,Surskit,bug,water,3,no,0.5,1.7,65,40,30,50,32,52,3840,70,269,200,1000000,50,"['Swift Swim', 'Rain Dish']"
284,Masquerain,bug,flying,3,no,0.8,3.6,80,70,60,100,62,82,3840,70,454,75,1000000,50,"['Intimidate', 'Unnerve']"
285,Shroomish,grass,,3,no,0.4,4.5,35,60,40,40,60,60,3840,70,295,255,1640000,50,"['Effect Spore', 'Poison Heal', 'Quick Feet']"
286,Breloom,grass,fighting,3,no,1.2,39.2,70,60,130,60,80,60,3840,70,460,90,1640000,50,"['Effect Spore', 'Poison Heal', 'Technician']"
287,Slakoth,normal,,3,no,0.8,24,30,60,60,35,60,35,3840,70,280,255,1250000,50,['Truant']
288,Vigoroth,normal,,3,no,1.4,46.5,90,80,80,55,80,55,3840,70,440,120,1250000,50,['Vital Spirit']
289,Slaking,normal,,3,no,2,130.5,100,150,160,95,100,65,3840,70,670,45,1250000,50,['Truant']
290,Nincada,bug,ground,3,no,0.5,5.5,40,31,45,30,90,30,3840,70,266,255,600000,50,"['Compoundeyes', 'Run Away']"
291,Ninjask,bug,flying,3,no,0.8,12,160,61,90,50,45,50,3840,70,456,120,600000,50,"['Speed Boost', 'Infiltrator']"
292,Shedinja,bug,ghost,3,no,0.8,1.2,40,1,90,30,45,30,3840,70,236,45,600000,,['Wonder Guard']
293,Whismur,normal,,3,no,0.6,16.3,28,64,51,51,23,23,5120,70,240,190,1059860,50,"['Soundproof', 'Rattled']"
294,Loudred,normal,,3,no,1,40.5,48,84,71,71,43,43,5120,70,360,120,1059860,50,"['Soundproof', 'Scrappy']"
295,Exploud,normal,,3,no,1.5,84,68,104,91,91,63,73,5120,70,490,45,1059860,50,"['Soundproof', 'Scrappy']"
296,Makuhita,fighting,,3,no,1,86.4,25,72,60,20,30,30,5120,70,237,180,1640000,75.4,"['Thick Fat', 'Guts', 'Sheer Force']"
297,Hariyama,fighting,,3,no,2.3,253.8,50,144,120,40,60,60,5120,70,474,200,1640000,75.4,"['Thick Fat', 'Guts', 'Sheer Force']"
298,Azurill,normal,fairy,3,no,0.2,2,20,50,20,20,40,40,2560,70,190,150,800000,24.6,"['Thick Fat', 'Huge Power', 'Sap Sipper']"
299,Nosepass,rock,,3,no,1,97,30,30,45,45,135,90,5120,70,375,255,1000000,50,"['Sturdy', 'Magnet Pull', 'Sand Force']"
300,Skitty,normal,,3,no,0.6,11,50,50,45,35,45,35,3840,70,260,255,800000,24.6,"['Cute Charm', 'Normalize', 'Wonder Skin ']"
301,Delcatty,normal,,3,no,1.1,32.6,90,70,65,55,65,55,3840,70,400,60,800000,24.6,"['Cute Charm', 'Normalize', 'Wonder Skin ']"
302,Sableye,dark,ghost,3,no,0.5,11,20,50,85,85,125,115,6400,35,480,45,1059860,50,"['Keen Eye', 'Stall', 'Prankster']"
303,Mawile,steel,fairy,3,no,0.6,11.5,50,50,105,55,125,95,5120,70,480,45,800000,50,"['Hyper Cutter', 'Intimidate', 'Sheer Force']"
304,Aron,steel,rock,3,no,0.4,60,30,50,70,40,100,40,8960,35,330,180,1250000,50,"['Sturdy', 'Rock Head', 'Heavy Metal']"
305,Lairon,steel,rock,3,no,0.9,120,40,60,90,50,140,50,8960,35,430,90,1250000,50,"['Sturdy', 'Rock Head', 'Heavy Metal']"
306,Aggron,steel,rock,3,no,2.1,360,50,70,140,60,230,80,8960,35,630,45,1250000,50,"['Sturdy', 'Rock Head', 'Heavy Metal']"
307,Meditite,fighting,psychic,3,no,0.6,11.2,60,30,40,40,55,55,5120,70,280,180,1000000,50,"['Pure Power', 'Telepathy']"
308,Medicham,fighting,psychic,3,no,1.3,31.5,100,60,100,80,85,85,5120,70,510,90,1000000,50,"['Pure Power', 'Telepathy']"
309,Electrike,electric,,3,no,0.6,15.2,65,40,45,65,40,40,5120,70,295,120,1250000,50,"['Static', 'Lightningrod', 'Minus']"
310,Manectric,electric,,3,no,1.5,40.2,135,70,75,135,80,80,5120,70,575,45,1250000,50,"['Static', 'Lightningrod', 'Minus']"
311,Plusle,electric,,3,no,0.4,4.2,95,60,50,85,40,75,5120,70,405,200,1000000,50,"['Plus', 'Lightningrod']"
312,Minun,electric,,3,no,0.4,4.2,95,60,40,75,50,85,5120,70,405,200,1000000,50,"['Minus', 'Volt Absorb']"
313,Volbeat,bug,,3,no,0.7,17.7,85,65,73,47,75,85,3840,70,430,150,600000,100,"['Illuminate', 'Swarm', 'Prankster']"
314,Illumise,bug,,3,no,0.6,17.7,85,65,47,73,75,85,3840,70,430,150,1640000,0,"['Oblivious', 'Tinted Lens', 'Prankster']"
315,Roselia,grass,poison,3,no,0.3,2,65,50,60,100,45,80,5120,70,400,150,1059860,50,"['Natural Cure', 'Poison Point', 'Leaf Guard']"
316,Gulpin,poison,,3,no,0.4,10.3,40,70,43,43,53,53,5120,70,302,225,1640000,50,"['Liquid Ooze', 'Sticky Hold', 'Gluttony']"
317,Swalot,poison,,3,no,1.7,80,55,100,73,73,83,83,5120,70,467,75,1640000,50,"['Liquid Ooze', 'Sticky Hold', 'Gluttony']"
318,Carvanha,water,dark,3,no,0.8,20.8,65,45,90,65,20,20,5120,35,305,225,1250000,50,"['Rough Skin', 'Speed Boost']"
319,Sharpedo,water,dark,3,no,1.8,88.8,105,70,140,110,70,65,5120,35,560,60,1250000,50,"['Rough Skin', 'Speed Boost']"
320,Wailmer,water,,3,no,2,130,60,130,70,70,35,35,10240,70,400,125,1640000,50,"['Water Veil', 'Oblivious', 'Pressure']"
321,Wailord,water,,3,no,14.5,398,60,170,90,90,45,45,10240,70,500,60,1640000,50,"['Water Veil', 'Oblivious', 'Pressure']"
322,Numel,fire,ground,3,no,0.7,24,35,60,60,65,40,45,5120,70,305,255,1000000,50,"['Oblivious', 'Simple', 'Own Tempo']"
323,Camerupt,fire,ground,3,no,1.9,220,20,70,120,145,100,105,5120,70,560,150,1000000,50,"['Magma Armor', 'Solid Rock', 'Anger Point']"
324,Torkoal,fire,,3,no,0.5,80.4,20,70,85,85,140,70,5120,70,470,90,1000000,50,"['White Smoke', 'Drought', 'Shell Armor']"
325,Spoink,psychic,,3,no,0.7,30.6,60,60,25,70,35,80,5120,70,330,255,800000,50,"['Thick Fat', 'Own Tempo', 'Gluttony']"
326,Grumpig,psychic,,3,no,0.9,71.5,80,80,45,90,65,110,5120,70,470,60,800000,50,"['Thick Fat', 'Own Tempo', 'Gluttony']"
327,Spinda,normal,,3,no,1.1,5,60,60,60,60,60,60,3840,70,360,255,800000,50,"['Own Tempo', 'Tangled Feet', 'Contrary']"
328,Trapinch,ground,,3,no,0.7,15,10,45,100,45,45,45,5120,70,290,255,1059860,50,"['Hyper Cutter', 'Arena Trap', 'Sheer Force']"
329,Vibrava,ground,dragon,3,no,1.1,15.3,70,50,70,50,50,50,5120,70,340,120,1059860,50,['Levitate']
330,Flygon,ground,dragon,3,no,2,82,100,80,100,80,80,80,5120,70,520,45,1059860,50,['Levitate']
331,Cacnea,grass,,3,no,0.4,51.3,35,50,85,85,40,40,5120,35,335,190,1059860,50,"['Sand Veil', 'Water Absorb']"
332,Cacturne,grass,dark,3,no,1.3,77.4,55,70,115,115,60,60,5120,35,475,60,1059860,50,"['Sand Veil', 'Water Absorb']"
333,Swablu,normal,flying,3,no,0.4,1.2,50,45,40,40,60,75,5120,70,310,255,600000,50,"['Natural Cure', 'Cloud Nine']"
334,Altaria,dragon,flying,3,no,1.1,20.6,80,75,110,110,110,105,5120,70,590,45,600000,50,"['Natural Cure', 'Cloud Nine']"
335,Zangoose,normal,,3,no,1.3,40.3,90,73,115,60,60,60,5120,70,458,90,600000,50,"['Immunity', 'Toxic Boost']"
336,Seviper,poison,,3,no,2.7,52.5,65,73,100,100,60,60,5120,70,458,90,1640000,50,"['Shed Skin', 'Infiltrator']"
337,Lunatone,rock,psychic,3,no,1,168,70,90,55,95,65,85,6400,70,460,45,800000,,['Levitate']
338,Solrock,rock,psychic,3,no,1.2,154,70,90,95,55,85,65,6400,70,460,45,800000,,['Levitate']
339,Barboach,water,ground,3,no,0.4,1.9,60,50,48,46,43,41,5120,70,288,190,1000000,50,"['Oblivious', 'Anticipation', 'Hydration']"
340,Whiscash,water,ground,3,no,0.9,23.6,60,110,78,76,73,71,5120,70,468,75,1000000,50,"['Oblivious', 'Anticipation', 'Hydration']"
341,Corphish,water,,3,no,0.6,11.5,35,43,80,50,65,35,3840,70,308,205,1640000,50,"['Hyper Cutter', 'Shell Armor', 'Adaptability']"
342,Crawdaunt,water,dark,3,no,1.1,32.8,55,63,120,90,85,55,3840,70,468,155,1640000,50,"['Hyper Cutter', 'Shell Armor', 'Adaptability']"
343,Baltoy,ground,psychic,3,no,0.5,21.5,55,40,40,40,55,70,5120,70,300,255,1000000,,['Levitate']
344,Claydol,ground,psychic,3,no,1.5,108,75,60,70,70,105,120,5120,70,500,90,1000000,,['Levitate']
345,Lileep,rock,grass,3,no,1,23.8,23,66,41,61,77,87,7680,70,355,45,600000,88.1,"['Suction Cups', 'Storm Drain']"
346,Cradily,rock,grass,3,no,1.5,60.4,43,86,81,81,97,107,7680,70,495,45,600000,88.1,"['Suction Cups', 'Storm Drain']"
347,Anorith,rock,bug,3,no,0.7,12.5,75,45,95,40,50,50,7680,70,355,45,600000,88.1,"['Battle Armor', 'Swift Swim']"
348,Armaldo,rock,bug,3,no,1.5,68.2,45,75,125,70,100,80,7680,70,495,45,600000,88.1,"['Battle Armor', 'Swift Swim']"
349,Feebas,water,,3,no,0.6,7.4,80,20,15,10,20,55,5120,70,200,255,600000,50,"['Swift Swim', 'Oblivious', 'Adaptability']"
350,Milotic,water,,3,no,6.2,162,81,95,60,100,79,125,5120,70,540,60,600000,50,"['Marvel Scale', 'Competitive', 'Cute Charm']"
351,Castform,normal,,3,no,0.3,0.8,70,70,70,70,70,70,6400,70,420,45,1000000,50,['Forecast']
352,Kecleon,normal,,3,no,1,22,40,60,90,60,70,120,5120,70,440,200,1059860,50,"['Color Change', 'Protean']"
353,Shuppet,ghost,,3,no,0.6,2.3,45,44,75,63,35,33,6400,35,295,225,800000,50,"['Insomnia', 'Frisk', 'Cursed Body']"
354,Banette,ghost,,3,no,1.1,12.5,75,64,165,93,75,83,6400,35,555,45,800000,50,"['Insomnia', 'Frisk', 'Cursed Body']"
355,Duskull,ghost,,3,no,0.8,15,25,20,40,30,90,90,6400,35,295,190,800000,50,"['Levitate', 'Frisk']"
356,Dusclops,ghost,,3,no,1.6,30.6,25,40,70,60,130,130,6400,35,455,90,800000,50,"['Pressure', 'Frisk']"
357,Tropius,grass,flying,3,no,2,100,51,99,68,72,83,87,6400,70,460,200,1250000,50,"['Chlorophyll', 'Solar Power', 'Harvest']"
358,Chimecho,psychic,,3,no,0.6,1,65,75,50,95,80,90,6400,70,455,45,800000,50,['Levitate']
359,Absol,dark,,3,no,1.2,47,115,65,150,115,60,60,6400,35,565,30,1059860,50,"['Pressure', 'Super Luck', 'Justified']"
360,Wynaut,psychic,,3,no,0.6,14,23,95,23,23,48,48,5120,70,260,125,1000000,50,"['Shadow Tag', 'Telepathy']"
361,Snorunt,ice,,3,no,0.7,16.8,50,50,50,50,50,50,5120,70,300,190,1000000,50,"['Inner Focus', 'Ice Body', 'Moody']"
362,Glalie,ice,,3,no,1.5,256.5,100,80,120,120,80,80,5120,70,580,75,1000000,50,"['Inner Focus', 'Ice Body', 'Moody']"
363,Spheal,ice,water,3,no,0.8,39.5,25,70,40,55,50,50,5120,70,290,255,1059860,50,"['Thick Fat', 'Ice Body', 'Oblivious']"
364,Sealeo,ice,water,3,no,1.1,87.6,45,90,60,75,70,70,5120,70,410,120,1059860,50,"['Thick Fat', 'Ice Body', 'Oblivious']"
365,Walrein,ice,water,3,no,1.4,150.6,65,110,80,95,90,90,5120,70,530,45,1059860,50,"['Thick Fat', 'Ice Body', 'Oblivious']"
366,Clamperl,water,,3,no,0.4,52.5,32,35,64,74,85,55,5120,70,345,255,600000,50,"['Shell Armor', 'Rattled']"
367,Huntail,water,,3,no,1.7,27,52,55,104,94,105,75,5120,70,485,60,600000,50,"['Swift Swim', 'Water Veil']"
368,Gorebyss,water,,3,no,1.8,22.6,52,55,84,114,105,75,5120,70,485,60,600000,50,"['Swift Swim', 'Hydration']"
369,Relicanth,water,rock,3,no,1,23.4,55,100,90,45,130,65,10240,70,485,25,1250000,88.1,"['Swift Swim', 'Rock Head', 'Sturdy']"
370,Luvdisc,water,,3,no,0.6,8.7,97,43,30,40,55,65,5120,70,330,225,800000,24.6,"['Swift Swim', 'Hydration']"
371,Bagon,dragon,,3,no,0.6,42.1,50,45,75,40,60,30,10240,35,300,45,1250000,50,"['Rock Head', 'Sheer Force']"
372,Shelgon,dragon,,3,no,1.1,110.5,50,65,95,60,100,50,10240,35,420,45,1250000,50,"['Rock Head', 'Overcoat']"
373,Salamence,dragon,flying,3,no,1.5,102.6,120,95,145,120,130,90,10240,35,700,45,1250000,50,"['Intimidate', 'Moxie']"
374,Beldum,steel,psychic,3,no,0.6,95.2,30,40,55,35,80,60,10240,35,300,3,1250000,,"['Clear Body', 'Light Metal']"
375,Metang,steel,psychic,3,no,1.2,202.5,50,60,75,55,100,80,10240,35,420,3,1250000,,"['Clear Body', 'Light Metal']"
376,Metagross,steel,psychic,3,no,1.6,550,110,80,145,105,150,110,10240,35,700,3,1250000,,"['Clear Body', 'Light Metal']"
377,Regirock,rock,,3,yes,1.7,230,50,80,100,50,200,100,20480,35,580,3,1250000,,"['Clear Body', 'Sturdy']"
378,Regice,ice,,3,yes,1.8,175,50,80,50,100,100,200,20480,35,580,3,1250000,,"['Clear Body', 'Ice Body']"
379,Registeel,steel,,3,yes,1.9,205,50,80,75,75,150,150,20480,35,580,3,1250000,,"['Clear Body', 'Light Metal']"
380,Latias,dragon,psychic,3,yes,1.4,40,110,80,100,140,120,150,30720,90,700,3,1250000,0,['Levitate']
381,Latios,dragon,psychic,3,yes,2,60,110,80,130,160,100,120,30720,90,700,3,1250000,100,['Levitate']
382,Kyogre,water,,3,yes,4.5,352,90,100,150,180,90,160,30720,0,770,3,1250000,,['Drizzle']
383,Groudon,ground,,3,yes,3.5,950,90,100,180,150,160,90,30720,0,770,3,1250000,,['Drought']
384,Rayquaza,dragon,flying,3,yes,7,206.5,115,105,180,180,100,100,30720,0,780,45,1250000,,['Air Lock']
385,Jirachi,steel,psychic,3,yes,0.3,1.1,100,100,100,100,100,100,30720,100,600,3,1250000,,['Serene Grace']
386,Deoxys,psychic,,3,yes,1.7,60.8,180,50,95,95,90,90,30720,0,600,3,1250000,,['Pressure']
387,Turtwig,grass,,4,no,0.4,10.2,31,55,68,45,64,55,5120,70,318,45,1059860,88.1,"['Overgrow', 'Shell Armor']"
388,Grotle,grass,,4,no,1.1,97,36,75,89,55,85,65,5120,70,405,45,1059860,88.1,"['Overgrow', 'Shell Armor']"
389,Torterra,grass,ground,4,no,2.2,310,56,95,109,75,105,85,5120,70,525,45,1059860,88.1,"['Overgrow', 'Shell Armor']"
390,Chimchar,fire,,4,no,0.5,6.2,61,44,58,58,44,44,5120,70,309,45,1059860,88.1,"['Blaze', 'Iron Fist']"
391,Monferno,fire,fighting,4,no,0.9,22,81,64,78,78,52,52,5120,70,405,45,1059860,88.1,"['Blaze', 'Iron Fist']"
392,Infernape,fire,fighting,4,no,1.2,55,108,76,104,104,71,71,5120,70,534,45,1059860,88.1,"['Blaze', 'Iron Fist']"
393,Piplup,water,,4,no,0.4,5.2,40,53,51,61,53,56,5120,70,314,45,1059860,88.1,"['Torrent', 'Defiant']"
394,Prinplup,water,,4,no,0.8,23,50,64,66,81,68,76,5120,70,405,45,1059860,88.1,"['Torrent', 'Defiant']"
395,Empoleon,water,steel,4,no,1.7,84.5,60,84,86,111,88,101,5120,70,530,45,1059860,88.1,"['Torrent', 'Defiant']"
396,Starly,normal,flying,4,no,0.3,2,60,40,55,30,30,30,3840,70,245,255,1059860,50,"['Keen Eye', 'Reckless']"
397,Staravia,normal,flying,4,no,0.6,15.5,80,55,75,40,50,40,3840,70,340,120,1059860,50,"['Intimidate', 'Reckless']"
398,Staraptor,normal,flying,4,no,1.2,24.9,100,85,120,50,70,60,3840,70,485,45,1059860,50,"['Intimidate', 'Reckless']"
399,Bidoof,normal,,4,no,0.5,20,31,59,45,35,40,40,3840,70,250,255,1000000,50,"['Simple', 'Unaware', 'Moody']"
400,Bibarel,normal,water,4,no,1,31.5,71,79,85,55,60,60,3840,70,410,127,1000000,50,"['Simple', 'Unaware', 'Moody']"
401,Kricketot,bug,,4,no,0.3,2.2,25,37,25,25,41,41,3840,70,194,255,1059860,50,"['Shed Skin', 'Run Away']"
402,Kricketune,bug,,4,no,1,25.5,65,77,85,55,51,51,3840,70,384,45,1059860,50,"['Swarm', 'Technician']"
403,Shinx,electric,,4,no,0.5,9.5,45,45,65,40,34,34,5120,70,263,235,1059860,50,"['Rivalry', 'Intimidate', 'Guts']"
404,Luxio,electric,,4,no,0.9,30.5,60,60,85,60,49,49,5120,100,363,120,1059860,50,"['Rivalry', 'Intimidate', 'Guts']"
405,Luxray,electric,,4,no,1.4,42,70,80,120,95,79,79,5120,70,523,45,1059860,50,"['Rivalry', 'Intimidate', 'Guts']"
406,Budew,grass,poison,4,no,0.2,1.2,55,40,30,50,35,70,5120,70,280,255,1059860,50,"['Natural Cure', 'Poison Point', 'Leaf Guard']"
407,Roserade,grass,poison,4,no,0.9,14.5,90,60,70,125,65,105,5120,70,515,75,1059860,50,"['Natural Cure', 'Poison Point', 'Technician']"
408,Cranidos,rock,,4,no,0.9,31.5,58,67,125,30,40,30,7680,70,350,45,600000,88.1,"['Mold Breaker', 'Sheer Force']"
409,Rampardos,rock,,4,no,1.6,102.5,58,97,165,65,60,50,7680,70,495,45,600000,88.1,"['Mold Breaker', 'Sheer Force']"
410,Shieldon,rock,steel,4,no,0.5,57,30,30,42,42,118,88,7680,70,350,45,600000,88.1,"['Sturdy', 'Soundproof']"
411,Bastiodon,rock,steel,4,no,1.3,149.5,30,60,52,47,168,138,7680,70,495,45,600000,88.1,"['Sturdy', 'Soundproof']"
412,Burmy,bug,,4,no,0.2,3.4,36,40,29,29,45,45,3840,70,224,120,1000000,50,"['Shed Skin', 'Overcoat']"
413,Wormadam,bug,grass,4,no,0.5,6.5,36,60,69,69,95,95,3840,70,424,45,1000000,0,"['Anticipation', 'Overcoat']"
414,Mothim,bug,flying,4,no,0.9,23.3,66,70,94,94,50,50,3840,70,424,45,1000000,100,"['Swarm', 'Tinted Lens']"
415,Combee,bug,flying,4,no,0.3,5.5,70,30,30,30,42,42,3840,70,244,120,1059860,88.1,"['Honey Gather', 'Hustle']"
416,Vespiquen,bug,flying,4,no,1.2,38.5,40,70,80,80,102,102,3840,70,474,45,1059860,0,"['Pressure', 'Unnerve']"
417,Pachirisu,electric,,4,no,0.4,3.9,95,60,45,45,70,90,2560,100,405,200,1000000,50,"['Run Away', 'Pickup', 'Volt Absorb']"
418,Buizel,water,,4,no,0.7,29.5,85,55,65,60,35,30,5120,70,330,190,1000000,50,"['Swift Swim', 'Water Veil']"
419,Floatzel,water,,4,no,1.1,33.5,115,85,105,85,55,50,5120,70,495,75,1000000,50,"['Swift Swim', 'Water Veil']"
420,Cherubi,grass,,4,no,0.4,3.3,35,45,35,62,45,53,5120,70,275,190,1000000,50,['Chlorophyll']
421,Cherrim,grass,,4,no,0.5,9.3,85,70,60,87,70,78,5120,70,450,75,1000000,50,['Flower Gift']
422,Shellos,water,,4,no,0.3,6.3,34,76,48,57,48,62,5120,70,325,190,1000000,50,"['Sticky Hold', 'Storm Drain', 'Sand Force']"
423,Gastrodon,water,ground,4,no,0.9,29.9,39,111,83,92,68,82,5120,70,475,75,1000000,50,"['Sticky Hold', 'Storm Drain', 'Sand Force']"
424,Ambipom,normal,,4,no,1.2,20.3,115,75,100,60,66,66,5120,100,482,45,800000,50,"['Technician', 'Pickup', 'Skill Link']"
425,Drifloon,ghost,flying,4,no,0.4,1.2,70,90,50,60,34,44,7680,70,348,125,1640000,50,"['Aftermath', 'Unburden', 'Flare Boost']"
426,Drifblim,ghost,flying,4,no,1.2,15,80,150,80,90,44,54,7680,70,498,60,1640000,50,"['Aftermath', 'Unburden', 'Flare Boost']"
427,Buneary,normal,,4,no,0.4,5.5,85,55,66,44,44,56,5120,0,350,190,1000000,50,"['Run Away', 'Klutz', 'Limber']"
428,Lopunny,normal,,4,no,1.2,33.3,135,65,136,54,94,96,5120,140,580,60,1000000,50,"['Cute Charm', 'Klutz', 'Limber']"
429,Mismagius,ghost,,4,no,0.9,4.4,105,60,60,105,60,105,6400,35,495,45,800000,50,['Levitate']
430,Honchkrow,dark,flying,4,no,0.9,27.3,71,100,125,105,52,52,5120,35,505,30,1059860,50,"['Insomnia', 'Super Luck', 'Moxie']"
431,Glameow,normal,,4,no,0.5,3.9,85,49,55,42,42,37,5120,70,310,190,800000,24.6,"['Limber', 'Own Tempo', 'Keen Eye']"
432,Purugly,normal,,4,no,1,43.8,112,71,82,64,64,59,5120,70,452,75,800000,24.6,"['Thick Fat', 'Own Tempo', 'Defiant']"
433,Chingling,psychic,,4,no,0.2,0.6,45,45,30,65,50,50,6400,70,285,120,800000,50,['Levitate']
434,Stunky,poison,dark,4,no,0.4,19.2,74,63,63,41,47,41,5120,70,329,225,1000000,50,"['Stench', 'Aftermath', 'Keen Eye']"
435,Skuntank,poison,dark,4,no,1,38,84,103,93,71,67,61,5120,70,479,60,1000000,50,"['Stench', 'Aftermath', 'Keen Eye']"
436,Bronzor,steel,psychic,4,no,0.5,60.5,23,57,24,24,86,86,5120,70,300,255,1000000,,"['Levitate', 'Heatproof', 'Heavy Metal']"
437,Bronzong,steel,psychic,4,no,1.3,187,33,67,89,79,116,116,5120,70,500,90,1000000,,"['Levitate', 'Heatproof', 'Heavy Metal']"
438,Bonsly,rock,,4,no,0.5,15,10,50,80,10,95,45,5120,70,290,255,1000000,50,"['Sturdy', 'Rock Head', 'Rattled']"
439,Mime Jr.,psychic,fairy,4,no,0.6,13,60,20,25,70,45,90,6400,70,310,145,1000000,50,"['Soundproof', 'Filter', 'Technician']"
440,Happiny,normal,,4,no,0.6,24.4,30,100,5,15,5,65,10240,140,220,130,800000,0,"['Natural Cure', 'Serene Grace', 'Friend Guard']"
441,Chatot,normal,flying,4,no,0.5,1.9,91,76,65,92,45,42,5120,35,411,30,1059860,50,"['Keen Eye', 'Tangled Feet', 'Big Pecks']"
442,Spiritomb,ghost,dark,4,no,1,108,35,50,92,92,108,108,7680,70,485,100,1000000,50,"['Pressure', 'Infiltrator']"
443,Gible,dragon,ground,4,no,0.7,20.5,42,58,70,40,45,45,10240,70,300,45,1250000,50,"['Sand Veil', 'Rough Skin']"
444,Gabite,dragon,ground,4,no,1.4,56,82,68,90,50,65,55,10240,70,410,45,1250000,50,"['Sand Veil', 'Rough Skin']"
445,Garchomp,dragon,ground,4,no,1.9,95,92,108,170,120,115,95,10240,70,700,45,1250000,50,"['Sand Veil', 'Rough Skin']"
446,Munchlax,normal,,4,no,0.6,105,5,135,85,40,40,85,10240,70,390,50,1250000,88.1,"['Pickup', 'Thick Fat', 'Gluttony']"
447,Riolu,fighting,,4,no,0.7,20.2,60,40,70,35,40,40,6400,70,285,75,1059860,88.1,"['Steadfast', 'Inner Focus', 'Prankster']"
448,Lucario,fighting,steel,4,no,1.2,54,112,70,145,140,88,70,6400,70,625,45,1059860,88.1,"['Steadfast', 'Inner Focus', 'Justified']"
449,Hippopotas,ground,,4,no,0.8,49.5,32,68,72,38,78,42,7680,70,330,140,1250000,50,"['Sand Stream', 'Sand Force']"
450,Hippowdon,ground,,4,no,2,300,47,108,112,68,118,72,7680,70,525,60,1250000,50,"['Sand Stream', 'Sand Force']"
451,Skorupi,poison,bug,4,no,0.8,12,65,40,50,30,90,55,5120,70,330,120,1250000,50,"['Battle Armor', 'Sniper', 'Keen Eye']"
452,Drapion,poison,dark,4,no,1.3,61.5,95,70,90,60,110,75,5120,70,500,45,1250000,50,"['Battle Armor', 'Sniper', 'Keen Eye']"
453,Croagunk,poison,fighting,4,no,0.7,23,50,48,61,61,40,40,2560,100,300,140,1000000,50,"['Anticipation', 'Dry Skin', 'Poison Touch']"
454,Toxicroak,poison,fighting,4,no,1.3,44.4,85,83,106,86,65,65,5120,70,490,75,1000000,50,"['Anticipation', 'Dry Skin', 'Poison Touch']"
455,Carnivine,grass,,4,no,1.4,27,46,74,100,90,72,72,6400,70,454,200,1250000,50,['Levitate']
456,Finneon,water,,4,no,0.4,7,66,49,49,49,56,61,5120,70,330,190,600000,50,"['Swift Swim', 'Storm Drain', 'Water Veil']"
457,Lumineon,water,,4,no,1.2,24,91,69,69,69,76,86,5120,70,460,75,600000,50,"['Swift Swim', 'Storm Drain', 'Water Veil']"
458,Mantyke,water,flying,4,no,1,65,50,45,20,60,50,120,6400,70,345,25,1250000,50,"['Swift Swim', 'Water Absorb', 'Water Veil']"
459,Snover,grass,ice,4,no,1,50.5,40,60,62,62,50,60,5120,70,334,120,1250000,50,"['Snow Warning', 'Soundproof']"
460,Abomasnow,grass,ice,4,no,2.2,135.5,30,90,132,132,105,105,5120,70,594,60,1250000,50,"['Snow Warning', 'Soundproof']"
461,Weavile,dark,ice,4,no,1.1,34,125,70,120,45,65,85,5120,35,510,45,1059860,50,"['Pressure', 'Pickpocket']"
462,Magnezone,electric,steel,4,no,1.2,180,60,70,70,130,115,90,5120,70,535,30,1000000,,"['Magnet Pull', 'Sturdy', 'Analytic']"
463,Lickilicky,normal,,4,no,1.7,140,50,110,85,80,95,95,5120,70,515,30,1000000,50,"['Own Tempo', 'Oblivious', 'Cloud Nine']"
464,Rhyperior,ground,rock,4,no,2.4,282.8,40,115,140,55,130,55,5120,70,535,30,1250000,50,"['Lightningrod', 'Solid Rock', 'Reckless']"
465,Tangrowth,grass,,4,no,2,128.6,50,100,100,110,125,50,5120,70,535,30,1000000,50,"['Chlorophyll', 'Leaf Guard', 'Regenerator']"
466,Electivire,electric,,4,no,1.8,138.6,95,75,123,95,67,85,6400,70,540,30,1000000,75.4,"['Motor Drive', 'Vital Spirit']"
467,Magmortar,fire,,4,no,1.6,68,83,75,95,125,67,95,6400,70,540,30,1000000,75.4,"['Flame Body', 'Vital Spirit']"
468,Togekiss,fairy,flying,4,no,1.5,38,80,85,50,120,95,115,2560,70,545,30,800000,88.1,"['Hustle', 'Serene Grace', 'Super Luck']"
469,Yanmega,bug,flying,4,no,1.9,51.5,95,86,76,116,86,56,5120,70,515,30,1000000,50,"['Speed Boost', 'Tinted Lens', 'Frisk']"
470,Leafeon,grass,,4,no,1,25.5,95,65,110,60,130,65,8960,35,525,45,1000000,88.1,"['Leaf Guard', 'Chlorophyll']"
471,Glaceon,ice,,4,no,0.8,25.9,65,65,60,130,110,95,8960,35,525,45,1000000,88.1,"['Snow Cloak', 'Ice Body']"
472,Gliscor,ground,flying,4,no,2,42.5,95,75,95,45,125,75,5120,70,510,30,1059860,50,"['Hyper Cutter', 'Sand Veil', 'Poison Heal']"
473,Mamoswine,ice,ground,4,no,2.5,291,80,110,130,70,80,60,5120,70,530,50,1250000,50,"['Oblivious', 'Snow Cloak', 'Thick Fat']"
474,Porygon-Z,normal,,4,no,0.9,34,90,85,80,135,70,75,5120,70,535,30,1000000,,"['Adaptability', 'Download', 'Analytic']"
475,Gallade,psychic,fighting,4,no,1.6,52,110,68,165,65,95,115,5120,35,618,45,1250000,100,"['Steadfast', 'Justified']"
476,Probopass,rock,steel,4,no,1.4,340,40,60,55,75,145,150,5120,70,525,60,1000000,50,"['Sturdy', 'Magnet Pull', 'Sand Force']"
477,Dusknoir,ghost,,4,no,2.2,106.6,45,45,100,65,135,135,6400,35,525,45,800000,50,"['Pressure', 'Frisk']"
478,Froslass,ice,ghost,4,no,1.3,26.6,110,70,80,80,70,70,5120,70,480,75,1000000,0,"['Snow Cloak', 'Cursed Body']"
479,Rotom,electric,ghost,4,no,0.3,0.3,86,50,65,105,107,107,5120,70,520,45,1000000,,['Levitate']
480,Uxie,psychic,,4,yes,0.3,0.3,95,75,75,75,130,130,20480,140,580,3,1250000,,['Levitate']
481,Mesprit,psychic,,4,yes,0.3,0.3,80,80,105,105,105,105,20480,140,580,3,1250000,,['Levitate']
482,Azelf,psychic,,4,yes,0.3,0.3,115,75,125,125,70,70,20480,140,580,3,1250000,,['Levitate']
483,Dialga,steel,dragon,4,yes,5.4,683,90,100,120,150,120,100,30720,0,680,3,1250000,,"['Pressure', 'Telepathy']"
484,Palkia,water,dragon,4,yes,4.2,336,100,90,120,150,100,120,30720,0,680,3,1250000,,"['Pressure', 'Telepathy']"
485,Heatran,fire,steel,4,yes,1.7,430,77,91,90,130,106,106,2560,100,600,3,1250000,50,"['Flash Fire', 'Flame Body']"
486,Regigigas,normal,,4,yes,3.7,420,100,110,160,80,110,110,30720,0,670,3,1250000,,['Slow Start']
487,Giratina,ghost,dragon,4,yes,4.5,750,90,150,120,120,100,100,30720,0,680,3,1250000,,"['Pressure', 'Telepathy', 'Levitate']"
488,Cresselia,psychic,,4,yes,1.5,85.6,85,120,70,75,120,130,30720,100,600,3,1250000,0,['Levitate']
489,Phione,water,,4,no,0.4,3.1,80,80,80,80,80,80,10240,70,480,30,1250000,,['Hydration']
490,Manaphy,water,,4,yes,0.3,1.4,100,100,100,100,100,100,2560,70,600,3,1250000,,['Hydration']
491,Darkrai,dark,,4,yes,1.5,50.5,125,70,90,135,90,90,30720,0,600,3,1250000,,['Bad Dreams']
492,Shaymin,grass,grass,4,yes,0.2,2.1,127,100,103,120,75,75,30720,100,600,45,1059860,,"['Natural Cure', 'Serene Grace']"
493,Arceus,normal,,4,yes,3.2,320,120,120,120,120,120,120,30720,0,720,3,1250000,,['Multitype']
494,Victini,psychic,fire,5,yes,0.4,4,100,100,100,100,100,100,30720,100,600,3,1250000,,['Victory Star']
495,Snivy,grass,,5,no,0.6,8.1,63,45,45,45,55,55,5120,70,308,45,1059860,88.1,"['Overgrow', 'Contrary']"
496,Servine,grass,,5,no,0.8,16,83,60,60,60,75,75,5120,70,413,45,1059860,88.1,"['Overgrow', 'Contrary']"
497,Serperior,grass,,5,no,3.3,63,113,75,75,75,95,95,5120,70,528,45,1059860,88.1,"['Overgrow', 'Contrary']"
498,Tepig,fire,,5,no,0.5,9.9,45,65,63,45,45,45,5120,70,308,45,1059860,88.1,"['Blaze', 'Thick Fat']"
499,Pignite,fire,fighting,5,no,1,55.5,55,90,93,70,55,55,5120,70,418,45,1059860,88.1,"['Blaze', 'Thick Fat']"
500,Emboar,fire,fighting,5,no,1.6,150,65,110,123,100,65,65,5120,70,528,45,1059860,88.1,"['Blaze', 'Reckless']"
501,Oshawott,water,,5,no,0.5,5.9,45,55,55,63,45,45,5120,70,308,45,1059860,88.1,"['Torrent', 'Shell Armor']"
502,Dewott,water,,5,no,0.8,24.5,60,75,75,83,60,60,5120,70,413,45,1059860,88.1,"['Torrent', 'Shell Armor']"
503,Samurott,water,,5,no,1.5,94.6,70,95,100,108,85,70,5120,70,528,45,1059860,88.1,"['Torrent', 'Shell Armor']"
504,Patrat,normal,,5,no,0.5,11.6,42,45,55,35,39,39,3840,70,255,255,1000000,50,"['Run Away', 'Keen Eye', 'Analytic']"
505,Watchog,normal,,5,no,1.1,27,77,60,85,60,69,69,5120,70,420,255,1000000,50,"['Illuminate', 'Keen Eye', 'Analytic']"
506,Lillipup,normal,,5,no,0.4,4.1,55,45,60,25,45,45,3840,70,275,255,1059860,50,"['Vital Spirit', 'Pickup', 'Run Away']"
507,Herdier,normal,,5,no,0.9,14.7,60,65,80,35,65,65,3840,70,370,120,1059860,50,"['Intimidate', 'Sand Rush', 'Scrappy']"
508,Stoutland,normal,,5,no,1.2,61,80,85,110,45,90,90,3840,70,500,45,1059860,50,"['Intimidate', 'Sand Rush', 'Scrappy']"
509,Purrloin,dark,,5,no,0.4,10.1,66,41,50,50,37,37,5120,70,281,255,1000000,50,"['Limber', 'Unburden', 'Prankster']"
510,Liepard,dark,,5,no,1.1,37.5,106,64,88,88,50,50,5120,70,446,90,1000000,50,"['Limber', 'Unburden', 'Prankster']"
511,Pansage,grass,,5,no,0.6,10.5,64,50,53,53,48,48,5120,70,316,190,1000000,88.1,"['Gluttony', 'Overgrow']"
512,Simisage,grass,,5,no,1.1,30.5,101,75,98,98,63,63,5120,70,498,75,1000000,88.1,"['Gluttony', 'Overgrow']"
513,Pansear,fire,,5,no,0.6,11,64,50,53,53,48,48,5120,70,316,190,1000000,88.1,"['Gluttony', 'Blaze']"
514,Simisear,fire,,5,no,1,28,101,75,98,98,63,63,5120,70,498,75,1000000,88.1,"['Gluttony', 'Blaze']"
515,Panpour,water,,5,no,0.6,13.5,64,50,53,53,48,48,5120,70,316,190,1000000,88.1,"['Gluttony', 'Torrent']"
516,Simipour,water,,5,no,1,29,101,75,98,98,63,63,5120,70,498,75,1000000,88.1,"['Gluttony', 'Torrent']"
517,Munna,psychic,,5,no,0.6,23.3,24,76,25,67,45,55,2560,70,292,190,800000,50,"['Forewarn', 'Synchronize', 'Telepathy']"
518,Musharna,psychic,,5,no,1.1,60.5,29,116,55,107,85,95,2560,70,487,75,800000,50,"['Forewarn', 'Synchronize', 'Telepathy']"
519,Pidove,normal,flying,5,no,0.3,2.1,43,50,55,36,50,30,3840,70,264,255,1059860,50,"['Big Pecks', 'Super Luck', 'Rivalry']"
520,Tranquill,normal,flying,5,no,0.6,15,65,62,77,50,62,42,3840,70,358,120,1059860,50,"['Big Pecks', 'Super Luck', 'Rivalry']"
521,Unfezant,normal,flying,5,no,1.2,29,93,80,115,65,80,55,3840,70,488,45,1059860,50,"['Big Pecks', 'Super Luck', 'Rivalry']"
522,Blitzle,electric,,5,no,0.8,29.8,76,45,60,50,32,32,5120,70,295,190,1000000,50,"['Lightningrod', 'Motor Drive', 'Sap Sipper']"
523,Zebstrika,electric,,5,no,1.6,79.5,116,75,100,80,63,63,5120,70,497,75,1000000,50,"['Lightningrod', 'Motor Drive', 'Sap Sipper']"
524,Roggenrola,rock,,5,no,0.4,18,15,55,75,25,85,25,3840,70,280,255,1059860,50,"['Sturdy', 'Weak Armor', 'Sand Force']"
525,Boldore,rock,,5,no,0.9,102,20,70,105,50,105,40,3840,70,390,120,1059860,50,"['Sturdy', 'Weak Armor', 'Sand Force']"
526,Gigalith,rock,,5,no,1.7,260,25,85,135,60,130,80,3840,70,515,45,1059860,50,"['Sturdy', 'Sand Stream', 'Sand Force']"
527,Woobat,psychic,flying,5,no,0.4,2.1,72,65,45,55,43,43,3840,70,323,190,1000000,50,"['Unaware', 'Klutz', 'Simple']"
528,Swoobat,psychic,flying,5,no,0.9,10.5,114,67,57,77,55,55,3840,70,425,45,1000000,50,"['Unaware', 'Klutz', 'Simple']"
529,Drilbur,ground,,5,no,0.3,8.5,68,60,85,30,40,45,5120,70,328,120,1000000,50,"['Sand Rush', 'Sand Force', 'Mold Breaker']"
530,Excadrill,ground,steel,5,no,0.7,40.4,88,110,135,50,60,65,5120,70,508,60,1000000,50,"['Sand Rush', 'Sand Force', 'Mold Breaker']"
531,Audino,normal,,5,no,1.1,31,50,103,60,80,126,126,5120,70,545,255,800000,50,"['Healer', 'Regenerator', 'Klutz']"
532,Timburr,fighting,,5,no,0.6,12.5,35,75,80,25,55,35,5120,70,305,180,1059860,75.4,"['Guts', 'Sheer Force', 'Iron Fist']"
533,Gurdurr,fighting,,5,no,1.2,40,40,85,105,40,85,50,5120,70,405,90,1059860,75.4,"['Guts', 'Sheer Force', 'Iron Fist']"
534,Conkeldurr,fighting,,5,no,1.4,87,45,105,140,55,95,65,5120,70,505,45,1059860,75.4,"['Guts', 'Sheer Force', 'Iron Fist']"
535,Tympole,water,,5,no,0.5,4.5,64,50,50,50,40,40,5120,70,294,255,1059860,50,"['Swift Swim', 'Hydration', 'Water Absorb']"
536,Palpitoad,water,ground,5,no,0.8,17,69,75,65,65,55,55,5120,70,384,120,1059860,50,"['Swift Swim', 'Hydration', 'Water Absorb']"
537,Seismitoad,water,ground,5,no,1.5,62,74,105,95,85,75,75,5120,70,509,45,1059860,50,"['Swift Swim', 'Poison Touch', 'Water Absorb']"
538,Throh,fighting,,5,no,1.3,55.5,45,120,100,30,85,85,5120,70,465,45,1000000,100,"['Guts', 'Inner Focus', 'Mold Breaker']"
539,Sawk,fighting,,5,no,1.4,51,85,75,125,30,75,75,5120,70,465,45,1000000,100,"['Sturdy', 'Inner Focus', 'Mold Breaker']"
540,Sewaddle,bug,grass,5,no,0.3,2.5,42,45,53,40,70,60,3840,70,310,255,1059860,50,"['Swarm', 'Chlorophyll', 'Overcoat']"
541,Swadloon,bug,grass,5,no,0.5,7.3,42,55,63,50,90,80,3840,70,380,120,1059860,50,"['Leaf Guard', 'Chlorophyll', 'Overcoat']"
542,Leavanny,bug,grass,5,no,1.2,20.5,92,75,103,70,80,80,3840,70,500,45,1059860,50,"['Swarm', 'Chlorophyll', 'Overcoat']"
543,Venipede,bug,poison,5,no,0.4,5.3,57,30,45,30,59,39,3840,70,260,255,1059860,50,"['Poison Point', 'Swarm', 'Speed Boost']"
544,Whirlipede,bug,poison,5,no,1.2,58.5,47,40,55,40,99,79,3840,70,360,120,1059860,50,"['Poison Point', 'Swarm', 'Speed Boost']"
545,Scolipede,bug,poison,5,no,2.5,200.5,112,60,100,55,89,69,5120,70,485,45,1059860,50,"['Poison Point', 'Swarm', 'Speed Boost']"
546,Cottonee,grass,fairy,5,no,0.3,0.6,66,40,27,37,60,50,5120,70,280,190,1000000,50,"['Prankster', 'Infiltrator', 'Chlorophyll']"
547,Whimsicott,grass,fairy,5,no,0.7,6.6,116,60,67,77,85,75,5120,70,480,75,1000000,50,"['Prankster', 'Infiltrator', 'Chlorophyll']"
548,Petilil,grass,,5,no,0.5,6.6,30,45,35,70,50,50,5120,70,280,190,1000000,0,"['Chlorophyll', 'Own Tempo', 'Leaf Guard']"
549,Lilligant,grass,,5,no,1.1,16.3,90,70,60,110,75,75,5120,70,480,75,1000000,0,"['Chlorophyll', 'Own Tempo', 'Leaf Guard']"
550,Basculin,water,,5,no,1,18,98,70,92,80,65,55,10240,70,460,25,1000000,50,"['Reckless', 'Rock Head', 'Adaptability', 'Mold Breaker']"
551,Sandile,ground,dark,5,no,0.7,15.2,65,50,72,35,35,35,5120,70,292,180,1059860,50,"['Intimidate', 'Moxie', 'Anger Point']"
552,Krokorok,ground,dark,5,no,1,33.4,74,60,82,45,45,45,5120,70,351,90,1059860,50,"['Intimidate', 'Moxie', 'Anger Point']"
553,Krookodile,ground,dark,5,no,1.5,96.3,92,95,117,65,80,70,5120,70,519,45,1059860,50,"['Intimidate', 'Moxie', 'Anger Point']"
554,Darumaka,fire,,5,no,0.6,37.5,50,70,90,15,45,45,5120,70,315,120,1059860,50,"['Hustle', 'Inner Focus']"
555,Darmanitan,fire,fire,5,no,1.3,92.9,55,105,30,140,105,105,5120,70,540,60,1059860,50,"['Sheer Force', 'Zen Mode']"
556,Maractus,grass,,5,no,1,28,60,75,86,106,67,67,5120,70,461,255,1000000,50,"['Water Absorb', 'Chlorophyll', 'Storm Drain']"
557,Dwebble,bug,rock,5,no,0.3,14.5,55,50,65,35,85,35,5120,70,325,190,1000000,50,"['Sturdy', 'Shell Armor', 'Weak Armor']"
558,Crustle,bug,rock,5,no,1.4,200,45,70,105,65,125,75,5120,70,485,75,1000000,50,"['Sturdy', 'Shell Armor', 'Weak Armor']"
559,Scraggy,dark,fighting,5,no,0.6,11.8,48,50,75,35,70,70,3840,35,348,180,1000000,50,"['Shed Skin', 'Moxie', 'Intimidate']"
560,Scrafty,dark,fighting,5,no,1.1,30,58,65,90,45,115,115,3840,70,488,90,1000000,50,"['Shed Skin', 'Moxie', 'Intimidate']"
561,Sigilyph,psychic,flying,5,no,1.4,14,97,72,58,103,80,80,5120,70,490,45,1000000,50,"['Wonder Skin ', 'Magic Guard', 'Tinted Lens']"
562,Yamask,ghost,,5,no,0.5,1.5,30,38,30,55,85,65,6400,70,303,190,1000000,50,['Mummy']
563,Cofagrigus,ghost,,5,no,1.7,76.5,30,58,50,95,145,105,6400,70,483,90,1000000,50,['Mummy']
564,Tirtouga,water,rock,5,no,0.7,16.5,22,54,78,53,103,45,7680,70,355,45,1000000,88.1,"['Solid Rock', 'Sturdy', 'Swift Swim']"
565,Carracosta,water,rock,5,no,1.2,81,32,74,108,83,133,65,7680,70,495,45,1000000,88.1,"['Solid Rock', 'Sturdy', 'Swift Swim']"
566,Archen,rock,flying,5,no,0.5,9.5,70,55,112,74,45,45,7680,70,401,45,1000000,88.1,['Defeatist']
567,Archeops,rock,flying,5,no,1.4,32,110,75,140,112,65,65,7680,70,567,45,1000000,88.1,['Defeatist']
568,Trubbish,poison,,5,no,0.6,31,65,50,50,40,62,62,5120,70,329,190,1000000,50,"['Stench', 'Sticky Hold', 'Aftermath']"
569,Garbodor,poison,,5,no,1.9,107.3,75,80,95,60,82,82,5120,70,474,60,1000000,50,"['Stench', 'Weak Armor', 'Aftermath']"
570,Zorua,dark,,5,no,0.7,12.5,65,40,65,80,40,40,6400,70,330,75,1059860,88.1,['Illusion']
571,Zoroark,dark,,5,no,1.6,81.1,105,60,105,120,60,60,5120,70,510,45,1059860,88.1,['Illusion']
572,Minccino,normal,,5,no,0.4,5.8,75,55,50,40,40,40,3840,70,300,255,800000,24.6,"['Cute Charm', 'Technician', 'Skill Link']"
573,Cinccino,normal,,5,no,0.5,7.5,115,75,95,65,60,60,3840,70,470,60,800000,24.6,"['Cute Charm', 'Technician', 'Skill Link']"
574,Gothita,psychic,,5,no,0.4,5.8,45,45,30,55,50,65,5120,70,290,200,1059860,24.6,"['Frisk', 'Competitive', 'Shadow Tag']"
575,Gothorita,psychic,,5,no,0.7,18,55,60,45,75,70,85,5120,70,390,100,1059860,24.6,"['Frisk', 'Competitive', 'Shadow Tag']"
576,Gothitelle,psychic,,5,no,1.5,44,65,70,55,95,95,110,5120,70,490,50,1059860,24.6,"['Frisk', 'Competitive', 'Shadow Tag']"
577,Solosis,psychic,,5,no,0.3,1,20,45,30,105,40,50,5120,70,290,200,1059860,50,"['Overcoat', 'Magic Guard', 'Regenerator']"
578,Duosion,psychic,,5,no,0.6,8,30,65,40,125,50,60,5120,70,370,100,1059860,50,"['Overcoat', 'Magic Guard', 'Regenerator']"
579,Reuniclus,psychic,,5,no,1,20.1,30,110,65,125,75,85,5120,70,490,50,1059860,50,"['Overcoat', 'Magic Guard', 'Regenerator']"
580,Ducklett,water,flying,5,no,0.5,5.5,55,62,44,44,50,50,5120,70,305,190,1000000,50,"['Keen Eye', 'Big Pecks', 'Hydration']"
581,Swanna,water,flying,5,no,1.3,24.2,98,75,87,87,63,63,5120,70,473,45,1000000,50,"['Keen Eye', 'Big Pecks', 'Hydration']"
582,Vanillite,ice,,5,no,0.4,5.7,44,36,50,65,50,60,5120,70,305,255,1250000,50,"['Ice Body', 'Snow Cloak', 'Weak Armor']"
583,Vanillish,ice,,5,no,1.1,41,59,51,65,80,65,75,5120,70,395,120,1250000,50,"['Ice Body', 'Snow Cloak', 'Weak Armor']"
584,Vanilluxe,ice,,5,no,1.3,57.5,79,71,95,110,85,95,5120,70,535,45,1250000,50,"['Ice Body', 'Snow Warning', 'Weak Armor']"
585,Deerling,normal,grass,5,no,0.6,19.5,75,60,60,40,50,50,5120,70,335,190,1000000,50,"['Chlorophyll', 'Sap Sipper', 'Serene Grace']"
586,Sawsbuck,normal,grass,5,no,1.9,92.5,95,80,100,60,70,70,5120,70,475,75,1000000,50,"['Chlorophyll', 'Sap Sipper', 'Serene Grace']"
587,Emolga,electric,flying,5,no,0.4,5,103,55,75,75,60,60,5120,70,428,200,1000000,50,"['Static', 'Motor Drive']"
588,Karrablast,bug,,5,no,0.5,5.9,60,50,75,40,45,45,3840,70,315,200,1000000,50,"['Swarm', 'Shed Skin', 'No Guard']"
589,Escavalier,bug,steel,5,no,1,33,20,70,135,60,105,105,3840,70,495,75,1000000,50,"['Swarm', 'Shell Armor', 'Overcoat']"
590,Foongus,grass,poison,5,no,0.2,1,15,69,55,55,45,55,5120,70,294,190,1000000,50,"['Effect Spore', 'Regenerator']"
591,Amoonguss,grass,poison,5,no,0.6,10.5,30,114,85,85,70,80,5120,70,464,75,1000000,50,"['Effect Spore', 'Regenerator']"
592,Frillish,water,ghost,5,no,1.2,33,40,55,40,65,50,85,5120,70,335,190,1000000,50,"['Water Absorb', 'Cursed Body', 'Damp']"
593,Jellicent,water,ghost,5,no,2.2,135,60,100,60,85,70,105,5120,70,480,60,1000000,50,"['Water Absorb', 'Cursed Body', 'Damp']"
594,Alomomola,water,,5,no,1.2,31.6,65,165,75,40,80,45,10240,70,470,75,800000,50,"['Healer', 'Hydration', 'Regenerator']"
595,Joltik,bug,electric,5,no,0.1,0.6,65,50,47,57,50,50,5120,70,319,190,1000000,50,"['Compoundeyes', 'Unnerve', 'Swarm']"
596,Galvantula,bug,electric,5,no,0.8,14.3,108,70,77,97,60,60,5120,70,472,75,1000000,50,"['Compoundeyes', 'Unnerve', 'Swarm']"
597,Ferroseed,grass,steel,5,no,0.6,18.8,10,44,50,24,91,86,5120,70,305,255,1000000,50,['Iron Barbs']
598,Ferrothorn,grass,steel,5,no,1,110,20,74,94,54,131,116,5120,70,489,90,1000000,50,"['Iron Barbs', 'Anticipation']"
599,Klink,steel,,5,no,0.3,21,30,40,55,45,70,60,5120,70,300,130,1059860,,"['Plus', 'Minus', 'Clear Body']"
600,Klang,steel,,5,no,0.6,51,50,60,80,70,95,85,5120,70,440,60,1059860,,"['Plus', 'Minus', 'Clear Body']"
601,Klinklang,steel,,5,no,0.6,81,90,60,100,70,115,85,5120,70,520,30,1059860,,"['Plus', 'Minus', 'Clear Body']"
602,Tynamo,electric,,5,no,0.2,0.3,60,35,55,45,40,40,5120,70,275,190,1250000,50,['Levitate']
603,Eelektrik,electric,,5,no,1.2,22,40,65,85,75,70,70,5120,70,405,60,1250000,50,['Levitate']
604,Eelektross,electric,,5,no,2.1,80.5,50,85,115,105,80,80,5120,70,515,30,1250000,50,['Levitate']
605,Elgyem,psychic,,5,no,0.5,9,30,55,55,85,55,55,5120,70,335,255,1000000,50,"['Telepathy', 'Synchronize', 'Analytic']"
606,Beheeyem,psychic,,5,no,1,34.5,40,75,75,125,75,95,5120,70,485,90,1000000,50,"['Telepathy', 'Synchronize', 'Analytic']"
607,Litwick,ghost,fire,5,no,0.3,3.1,20,50,30,65,55,55,5120,70,275,190,1059860,50,"['Flash Fire', 'Flame Body', 'Infiltrator']"
608,Lampent,ghost,fire,5,no,0.6,13,55,60,40,95,60,60,5120,70,370,90,1059860,50,"['Flash Fire', 'Flame Body', 'Infiltrator']"
609,Chandelure,ghost,fire,5,no,1,34.3,80,60,55,145,90,90,5120,70,520,45,1059860,50,"['Flash Fire', 'Flame Body', 'Infiltrator']"
610,Axew,dragon,,5,no,0.6,18,57,46,87,30,60,40,10240,35,320,75,1250000,50,"['Rivalry', 'Mold Breaker', 'Unnerve']"
611,Fraxure,dragon,,5,no,1,36,67,66,117,40,70,50,10240,35,410,60,1250000,50,"['Rivalry', 'Mold Breaker', 'Unnerve']"
612,Haxorus,dragon,,5,no,1.8,105.5,97,76,147,60,90,70,10240,35,540,45,1250000,50,"['Rivalry', 'Mold Breaker', 'Unnerve']"
613,Cubchoo,ice,,5,no,0.5,8.5,40,55,70,60,40,40,5120,70,305,120,1000000,50,"['Snow Cloak', 'Slush Rush', 'Rattled']"
614,Beartic,ice,,5,no,2.6,260,50,95,130,70,80,80,5120,70,505,60,1000000,50,"['Snow Cloak', 'Slush Rush', 'Swift Swim']"
615,Cryogonal,ice,,5,no,1.1,148,105,80,50,95,50,135,6400,70,515,25,1000000,,['Levitate']
616,Shelmet,bug,,5,no,0.4,7.7,25,50,40,40,85,65,3840,70,305,200,1000000,50,"['Hydration', 'Shell Armor', 'Overcoat']"
617,Accelgor,bug,,5,no,0.8,25.3,145,80,70,100,40,60,3840,70,495,75,1000000,50,"['Hydration', 'Sticky Hold', 'Unburden']"
618,Stunfisk,ground,electric,5,no,0.7,11,32,109,66,81,84,99,5120,70,471,75,1000000,50,"['Static', 'Limber', 'Sand Veil']"
619,Mienfoo,fighting,,5,no,0.9,20,65,45,85,55,50,50,6400,70,350,180,1059860,50,"['Inner Focus', 'Regenerator', 'Reckless']"
620,Mienshao,fighting,,5,no,1.4,35.5,105,65,125,95,60,60,6400,70,510,45,1059860,50,"['Inner Focus', 'Regenerator', 'Reckless']"
621,Druddigon,dragon,,5,no,1.6,139,48,77,120,60,90,90,7680,70,485,45,1000000,50,"['Rough Skin', 'Sheer Force', 'Mold Breaker']"
622,Golett,ground,ghost,5,no,1,92,35,59,74,35,50,50,6400,70,303,190,1000000,,"['Iron Fist', 'Klutz', 'No Guard']"
623,Golurk,ground,ghost,5,no,2.8,330,55,89,124,55,80,80,6400,70,483,90,1000000,,"['Iron Fist', 'Klutz', 'No Guard']"
624,Pawniard,dark,steel,5,no,0.5,10.2,60,45,85,40,70,40,5120,35,340,120,1000000,50,"['Defiant', 'Inner Focus', 'Pressure']"
625,Bisharp,dark,steel,5,no,1.6,70,70,65,125,60,100,70,5120,35,490,45,1000000,50,"['Defiant', 'Inner Focus', 'Pressure']"
626,Bouffalant,normal,,5,no,1.6,94.6,55,95,110,40,95,95,5120,70,490,45,1000000,50,"['Reckless', 'Sap Sipper', 'Soundproof']"
627,Rufflet,normal,flying,5,no,0.5,10.5,60,70,83,37,50,50,5120,70,350,190,1250000,100,"['Keen Eye', 'Sheer Force', 'Hustle']"
628,Braviary,normal,flying,5,no,1.5,41,80,100,123,57,75,75,5120,70,510,60,1250000,100,"['Keen Eye', 'Sheer Force', 'Defiant']"
629,Vullaby,dark,flying,5,no,0.5,9,60,70,55,45,75,65,5120,35,370,190,1250000,0,"['Big Pecks', 'Overcoat', 'Weak Armor']"
630,Mandibuzz,dark,flying,5,no,1.2,39.5,80,110,65,55,105,95,5120,35,510,60,1250000,0,"['Big Pecks', 'Overcoat', 'Weak Armor']"
631,Heatmor,fire,,5,no,1.4,58,65,85,97,105,66,66,5120,70,484,90,1000000,50,"['Gluttony', 'Flash Fire', 'White Smoke']"
632,Durant,bug,steel,5,no,0.3,33,109,58,109,48,112,48,5120,70,484,90,1000000,50,"['Swarm', 'Hustle', 'Truant']"
633,Deino,dark,dragon,5,no,0.8,17.3,38,52,65,45,50,50,10240,35,300,45,1250000,50,['Hustle']
634,Zweilous,dark,dragon,5,no,1.4,50,58,72,85,65,70,70,10240,35,420,45,1250000,50,['Hustle']
635,Hydreigon,dark,dragon,5,no,1.8,160,98,92,105,125,90,90,10240,35,600,45,1250000,50,['Levitate']
636,Larvesta,bug,fire,5,no,1.1,28.8,60,55,85,50,55,55,10240,70,360,45,1250000,50,"['Flame Body', 'Swarm']"
637,Volcarona,bug,fire,5,no,1.6,46,100,85,60,135,65,105,10240,70,550,15,1250000,50,"['Flame Body', 'Swarm']"
638,Cobalion,steel,fighting,5,yes,2.1,250,108,91,90,90,129,72,20480,35,580,3,1250000,,['Justified']
639,Terrakion,rock,fighting,5,yes,1.9,260,108,91,129,72,90,90,20480,35,580,3,1250000,,['Justified']
640,Virizion,grass,fighting,5,yes,2,200,108,91,90,90,72,129,20480,35,580,3,1250000,,['Justified']
641,Tornadus,flying,,5,yes,1.5,63,121,79,100,110,80,90,30720,90,580,3,1250000,100,"['Prankster', 'Defiant', 'Regenerator']"
642,Thundurus,electric,flying,5,yes,1.5,61,101,79,105,145,70,80,30720,90,580,3,1250000,100,"['Prankster', 'Defiant', 'Volt Absorb']"
643,Reshiram,dragon,fire,5,yes,3.2,330,90,100,120,150,100,120,30720,0,680,3,1250000,,['Turboblaze']
644,Zekrom,dragon,electric,5,yes,2.9,345,90,100,150,120,120,100,30720,0,680,3,1250000,,['Teravolt']
645,Landorus,ground,flying,5,yes,1.5,68,91,89,145,105,90,80,30720,90,600,3,1250000,100,"['Sand Force', 'Sheer Force', 'Intimidate']"
646,Kyurem,dragon,ice,5,yes,3,325,95,125,120,170,90,100,30720,0,700,3,1250000,,"['Pressure', 'Teravolt', 'Turboblaze']"
647,Keldeo,water,fighting,5,yes,1.4,48.5,108,91,72,129,90,90,20480,35,580,3,1250000,,['Justified']
648,Meloetta,normal,psychic,5,yes,0.6,6.5,128,100,128,77,90,77,30720,100,600,3,1250000,,['Serene Grace']
649,Genesect,bug,steel,5,yes,1.5,82.5,99,71,120,120,95,95,30720,0,600,3,1250000,,['Download']
650,Chespin,grass,,6,no,0.4,9,38,56,61,48,65,45,5120,70,313,45,1059860,88.1,"['Overgrow', 'Bulletproof']"
651,Quilladin,grass,,6,no,0.7,29,57,61,78,56,95,58,5120,70,405,45,1059860,88.1,"['Overgrow', 'Bulletproof']"
652,Chesnaught,grass,fighting,6,no,1.6,90,64,88,107,74,122,75,5120,70,530,45,1059860,88.1,"['Overgrow', 'Bulletproof']"
653,Fennekin,fire,,6,no,0.4,9.4,60,40,45,62,40,60,5120,70,307,45,1059860,88.1,"['Blaze', 'Magician']"
654,Braixen,fire,,6,no,1,14.5,73,59,59,90,58,70,5120,70,409,45,1059860,88.1,"['Blaze', 'Magician']"
655,Delphox,fire,psychic,6,no,1.5,39,104,75,69,114,72,100,5120,70,534,45,1059860,88.1,"['Blaze', 'Magician']"
656,Froakie,water,,6,no,0.3,7,71,41,56,62,40,44,5120,70,314,45,1059860,88.1,"['Torrent', 'Protean']"
657,Frogadier,water,,6,no,0.6,10.9,97,54,63,83,52,56,5120,70,405,45,1059860,88.1,"['Torrent', 'Protean']"
658,Greninja,water,dark,6,no,1.5,40,132,72,145,153,67,71,5120,70,640,45,1059860,88.1,"['Torrent', 'Protean', 'Battle Bond']"
659,Bunnelby,normal,,6,no,0.4,5,57,38,36,32,38,36,3840,70,237,255,1000000,50,"['Pickup', 'Cheek Pouch', 'Huge Power']"
660,Diggersby,normal,ground,6,no,1,42.4,78,85,56,50,77,77,3840,70,423,127,1000000,50,"['Pickup', 'Cheek Pouch', 'Huge Power']"
661,Fletchling,normal,flying,6,no,0.3,1.7,62,45,50,40,43,38,3840,70,278,255,1059860,50,"['Big Pecks', 'Gale Wings']"
662,Fletchinder,fire,flying,6,no,0.7,16,84,62,73,56,55,52,3840,70,382,120,1059860,50,"['Flame Body', 'Gale Wings']"
663,Talonflame,fire,flying,6,no,1.2,24.5,126,78,81,74,71,69,3840,70,499,45,1059860,50,"['Flame Body', 'Gale Wings']"
664,Scatterbug,bug,,6,no,0.3,2.5,35,38,35,27,40,25,3840,70,200,255,1000000,50,"['Shield Dust', 'Compoundeyes', 'Friend Guard']"
665,Spewpa,bug,,6,no,0.3,8.4,29,45,22,27,60,30,3840,70,213,120,1000000,50,"['Shed Skin', 'Friend Guard']"
666,Vivillon,bug,flying,6,no,1.2,17,89,80,52,90,50,50,3840,70,411,45,1000000,50,"['Shield Dust', 'Compoundeyes', 'Friend Guard']"
667,Litleo,fire,normal,6,no,0.6,13.5,72,62,50,73,58,54,5120,70,369,220,1059860,11.2,"['Rivalry', 'Unnerve', 'Moxie']"
668,Pyroar,fire,normal,6,no,1.5,81.5,106,86,68,109,72,66,5120,70,507,65,1059860,11.2,"['Rivalry', 'Unnerve', 'Moxie']"
669,Flabébé,fairy,,6,no,0.1,0.1,42,44,38,61,39,79,5120,70,303,225,1000000,0,"['Flower Veil', 'Symbiosis']"
670,Floette,fairy,,6,no,0.2,0.9,92,74,65,125,67,128,5120,70,551,120,1000000,0,"['Flower Veil', 'Symbiosis']"
671,Florges,fairy,,6,no,1.1,10,75,78,65,112,68,154,5120,70,552,45,1000000,0,"['Flower Veil', 'Symbiosis']"
672,Skiddo,grass,,6,no,0.9,31,52,66,65,62,48,57,5120,70,350,200,1000000,50,"['Sap Sipper', 'Grass Pelt']"
673,Gogoat,grass,,6,no,1.7,91,68,123,100,97,62,81,5120,70,531,45,1000000,50,"['Sap Sipper', 'Grass Pelt']"
674,Pancham,fighting,,6,no,0.6,8,43,67,82,46,62,48,6400,70,348,220,1000000,50,"['Iron Fist', 'Mold Breaker', 'Scrappy']"
675,Pangoro,fighting,dark,6,no,2.1,136,58,95,124,69,78,71,6400,70,495,65,1000000,50,"['Iron Fist', 'Mold Breaker', 'Scrappy']"
676,Furfrou,normal,,6,no,1.2,28,102,75,80,65,60,90,5120,70,472,160,1000000,50,['Fur Coat']
677,Espurr,psychic,,6,no,0.3,3.5,68,62,48,63,54,60,5120,70,355,190,1000000,50,"['Keen Eye', 'Infiltrator', 'Own Tempo']"
678,Meowstic,psychic,,6,no,0.6,8.5,104,74,48,83,76,81,5120,70,466,75,1000000,50,"['Keen Eye', 'Infiltrator', 'Prankster', 'Competitive']"
679,Honedge,steel,ghost,6,no,0.8,2,28,45,80,35,100,37,5120,70,325,180,1000000,50,['No Guard']
680,Doublade,steel,ghost,6,no,0.8,4.5,35,59,110,45,150,49,5120,70,448,90,1000000,50,['No Guard']
681,Aegislash,steel,ghost,6,no,1.7,53,60,60,150,150,50,50,5120,70,520,45,1000000,50,['Stance Change']
682,Spritzee,fairy,,6,no,0.2,0.5,23,78,52,63,60,65,5120,70,341,200,1000000,50,"['Healer', 'Aroma Veil']"
683,Aromatisse,fairy,,6,no,0.8,15.5,29,101,72,99,72,89,5120,70,462,140,1000000,50,"['Healer', 'Aroma Veil']"
684,Swirlix,fairy,,6,no,0.4,3.5,49,62,48,59,66,57,5120,70,341,200,1000000,50,"['Sweet Veil', 'Unburden']"
685,Slurpuff,fairy,,6,no,0.8,5,72,82,80,85,86,75,5120,70,480,140,1000000,50,"['Sweet Veil', 'Unburden']"
686,Inkay,dark,psychic,6,no,0.4,3.5,45,53,54,37,53,46,5120,70,288,190,1000000,50,"['Contrary', 'Suction Cups', 'Infiltrator']"
687,Malamar,dark,psychic,6,no,1.5,47,73,86,92,68,88,75,5120,70,482,80,1000000,50,"['Contrary', 'Suction Cups', 'Infiltrator']"
688,Binacle,rock,water,6,no,0.5,31,50,42,52,39,67,56,5120,70,306,120,1000000,50,"['Tough Claws', 'Sniper', 'Pickpocket']"
689,Barbaracle,rock,water,6,no,1.3,96,68,72,105,54,115,86,5120,70,500,45,1000000,50,"['Tough Claws', 'Sniper', 'Pickpocket']"
690,Skrelp,poison,water,6,no,0.5,7.3,30,50,60,60,60,60,5120,70,320,225,1000000,50,"['Poison Point', 'Poison Touch', 'Adaptability']"
691,Dragalge,poison,dragon,6,no,1.8,81.5,44,65,75,97,90,123,5120,70,494,55,1000000,50,"['Poison Point', 'Poison Touch', 'Adaptability']"
692,Clauncher,water,,6,no,0.5,8.3,44,50,53,58,62,63,3840,70,330,225,1250000,50,['Mega Launcher']
693,Clawitzer,water,,6,no,1.3,35.3,59,71,73,120,88,89,3840,70,500,55,1250000,50,['Mega Launcher']
694,Helioptile,electric,normal,6,no,0.5,6,70,44,38,61,33,43,5120,70,289,190,1000000,50,"['Dry Skin', 'Sand Veil', 'Solar Power']"
695,Heliolisk,electric,normal,6,no,1,21,109,62,55,109,52,94,5120,70,481,75,1000000,50,"['Dry Skin', 'Sand Veil', 'Solar Power']"
696,Tyrunt,rock,dragon,6,no,0.8,26,48,58,89,45,77,45,7680,70,362,45,1000000,88.1,"['Strong Jaw', 'Sturdy']"
697,Tyrantrum,rock,dragon,6,no,2.5,270,71,82,121,69,119,59,7680,70,521,45,1000000,88.1,"['Strong Jaw', 'Rock Head']"
698,Amaura,rock,ice,6,no,1.3,25.2,46,77,59,67,50,63,7680,70,362,45,1000000,88.1,"['Refrigerate', 'Snow Warning']"
699,Aurorus,rock,ice,6,no,2.7,225,58,123,77,99,72,92,7680,70,521,45,1000000,88.1,"['Refrigerate', 'Snow Warning']"
700,Sylveon,fairy,,6,no,1,23.5,60,95,65,110,65,130,8960,70,525,45,1000000,88.1,"['Cute Charm', 'Pixilate']"
701,Hawlucha,fighting,flying,6,no,0.8,21.5,118,78,92,74,75,63,5120,70,500,100,1000000,50,"['Limber', 'Unburden', 'Mold Breaker']"
702,Dedenne,electric,fairy,6,no,0.2,2.2,101,67,58,81,57,67,5120,70,431,180,1000000,50,"['Cheek Pouch', 'Pickup', 'Plus']"
703,Carbink,rock,fairy,6,no,0.3,5.7,50,50,50,50,150,150,6400,70,500,60,1250000,,"['Clear Body', 'Sturdy']"
704,Goomy,dragon,,6,no,0.3,2.8,40,45,50,55,35,75,10240,35,300,45,1250000,50,"['Sap Sipper', 'Hydration', 'Gooey']"
705,Sliggoo,dragon,,6,no,0.8,17.5,60,68,75,83,53,113,10240,35,452,45,1250000,50,"['Sap Sipper', 'Hydration', 'Gooey']"
706,Goodra,dragon,,6,no,2,150.5,80,90,100,110,70,150,10240,35,600,45,1250000,50,"['Sap Sipper', 'Hydration', 'Gooey']"
707,Klefki,steel,fairy,6,no,0.2,3,75,57,80,80,91,87,5120,70,470,75,800000,50,"['Prankster', 'Magician']"
708,Phantump,ghost,grass,6,no,0.4,7,38,43,70,50,48,60,5120,70,309,120,1000000,50,"['Natural Cure', 'Frisk', 'Harvest']"
709,Trevenant,ghost,grass,6,no,1.5,71,56,85,110,65,76,82,5120,70,474,60,1000000,50,"['Natural Cure', 'Frisk', 'Harvest']"
710,Pumpkaboo,ghost,grass,6,no,0.8,15,41,59,66,44,70,55,5120,70,335,120,1000000,50,"['Pickup', 'Frisk', 'Insomnia']"
711,Gourgeist,ghost,grass,6,no,1.7,39,54,85,100,58,122,75,5120,70,494,60,1000000,50,"['Pickup', 'Frisk', 'Insomnia']"
712,Bergmite,ice,,6,no,1,99.5,28,55,69,32,85,35,5120,70,304,190,1000000,50,"['Own Tempo', 'Ice Body', 'Sturdy']"
713,Avalugg,ice,,6,no,2,505,28,95,117,44,184,46,5120,70,514,55,1000000,50,"['Own Tempo', 'Ice Body', 'Sturdy']"
714,Noibat,flying,dragon,6,no,0.5,8,55,40,30,45,35,40,5120,70,245,190,1000000,50,"['Frisk', 'Infiltrator', 'Telepathy']"
715,Noivern,flying,dragon,6,no,1.5,85,123,85,70,97,80,80,5120,70,535,45,1000000,50,"['Frisk', 'Infiltrator', 'Telepathy']"
716,Xerneas,fairy,,6,yes,3,215,99,126,131,131,95,98,30720,0,680,45,1250000,,['Fairy Aura']
717,Yveltal,dark,flying,6,yes,5.8,203,99,126,131,131,95,98,30720,0,680,45,1250000,,['Dark Aura']
718,Zygarde,dragon,ground,6,yes,5,284.6,85,216,100,91,121,95,30720,0,708,3,1250000,,"['Aura Break', 'Power Construct']"
719,Diancie,rock,fairy,6,yes,0.7,8.8,110,50,160,160,110,110,6400,70,700,3,1250000,,['Clear Body']
720,Hoopa,psychic,ghost,6,yes,,,80,80,160,170,60,130,30720,100,680,3,1250000,,['Magician']
721,Volcanion,fire,water,6,yes,1.7,195,70,80,110,130,120,90,30720,100,600,3,1250000,,['Water Absorb']
722,Rowlet,grass,flying,7,no,0.3,1.5,42,68,55,50,55,50,3840,70,320,45,1059860,88.1,"['Overgrow', 'Long Reach']"
723,Dartrix,grass,flying,7,no,0.7,16,52,78,75,70,75,70,3840,70,420,45,1059860,88.1,"['Overgrow', 'Long Reach']"
724,Decidueye,grass,ghost,7,no,1.6,36.6,70,78,107,100,75,100,3840,70,530,45,1059860,88.1,"['Overgrow', 'Long Reach']"
725,Litten,fire,,7,no,0.4,4.3,70,45,65,60,40,40,3840,70,320,45,1059860,88.1,"['Blaze', 'Intimidate']"
726,Torracat,fire,,7,no,0.7,25,90,65,85,80,50,50,3840,70,420,45,1059860,88.1,"['Blaze', 'Intimidate']"
727,Incineroar,fire,dark,7,no,1.8,83,60,95,115,80,90,90,3840,70,530,45,1059860,88.1,"['Blaze', 'Intimidate']"
728,Popplio,water,,7,no,0.4,7.5,40,50,54,66,54,56,3840,70,320,45,1059860,88.1,"['Torrent', 'Liquid Voice']"
729,Brionne,water,,7,no,0.6,17.5,50,60,69,91,69,81,3840,70,420,45,1059860,88.1,"['Torrent', 'Liquid Voice']"
730,Primarina,water,fairy,7,no,1.8,44,60,80,74,126,74,116,3840,70,530,45,1059860,88.1,"['Torrent', 'Liquid Voice']"
731,Pikipek,normal,flying,7,no,0.3,1.2,65,35,75,30,30,30,3840,70,265,255,1000000,50,"['Keen Eye', 'Skill Link', 'Pickup']"
732,Trumbeak,normal,flying,7,no,0.6,14.8,75,55,85,40,50,50,3840,70,355,120,1000000,50,"['Keen Eye', 'Skill Link', 'Pickup']"
733,Toucannon,normal,flying,7,no,1.1,26,60,80,120,75,75,75,3840,70,485,45,1000000,50,"['Keen Eye', 'Skill Link', 'Sheer Force']"
734,Yungoos,normal,,7,no,0.4,6,45,48,70,30,30,30,3840,70,253,255,1000000,50,"['Stakeout', 'Strong Jaw', 'Adaptability']"
735,Gumshoos,normal,,7,no,0.7,14.2,45,88,110,55,60,60,3840,70,418,127,1000000,50,"['Stakeout', 'Strong Jaw', 'Adaptability']"
736,Grubbin,bug,,7,no,0.4,4.4,46,47,62,55,45,45,3840,70,300,255,1000000,50,['Swarm']
737,Charjabug,bug,electric,7,no,0.5,10.5,36,57,82,55,95,75,3840,70,400,120,1000000,50,['Battery']
738,Vikavolt,bug,electric,7,no,1.5,45,43,77,70,145,90,75,3840,70,500,45,1000000,50,['Levitate']
739,Crabrawler,fighting,,7,no,0.6,7,63,47,82,42,57,47,5120,70,338,225,1000000,50,"['Hyper Cutter', 'Iron Fist', 'Anger Point']"
740,Crabominable,fighting,ice,7,no,1.7,180,43,97,132,62,77,67,5120,70,478,60,1000000,50,"['Hyper Cutter', 'Iron Fist', 'Anger Point']"
741,Oricorio,fire,flying,7,no,0.6,3.4,93,75,70,98,70,70,5120,70,476,45,1000000,24.6,['Dancer']
742,Cutiefly,bug,fairy,7,no,0.1,0.2,84,40,45,55,40,40,5120,70,304,190,1000000,50,"['Honey Gather', 'Shield Dust', 'Sweet Veil']"
743,Ribombee,bug,fairy,7,no,0.2,0.5,124,60,55,95,60,70,5120,70,464,75,1000000,50,"['Honey Gather', 'Shield Dust', 'Sweet Veil']"
744,Rockruff,rock,,7,no,0.5,9.2,60,45,65,30,40,40,3840,70,280,190,1000000,50,"['Keen Eye', 'Vital Spirit', 'Steadfast']"
745,Lycanroc,rock,,7,no,,,82,85,115,55,75,75,3840,70,487,90,1000000,50,"['Keen Eye', 'Sand Rush', 'Steadfast', 'Keen Eye', 'Vital Spirit', 'No Guard']"
746,Wishiwashi,water,,7,no,0.2,0.3,30,45,140,140,130,135,3840,70,620,60,800000,50,['Schooling']
747,Mareanie,poison,water,7,no,0.4,8,45,50,53,43,62,52,5120,70,305,190,1000000,50,"['Merciless', 'Limber', 'Regenerator']"
748,Toxapex,poison,water,7,no,0.7,14.5,35,50,63,53,152,142,5120,70,495,75,1000000,50,"['Merciless', 'Limber', 'Regenerator']"
749,Mudbray,ground,,7,no,1,110,45,70,100,45,70,55,5120,70,385,190,1000000,50,"['Own Tempo', 'Stamina', 'Inner Focus']"
750,Mudsdale,ground,,7,no,2.5,920,35,100,125,55,100,85,5120,70,500,60,1000000,50,"['Own Tempo', 'Stamina', 'Inner Focus']"
751,Dewpider,water,bug,7,no,0.3,4,27,38,40,40,52,72,3840,70,269,200,1000000,50,"['Water Bubble', 'Water Absorb']"
752,Araquanid,water,bug,7,no,1.8,82,42,68,70,50,92,132,3840,70,454,100,1000000,50,"['Water Bubble', 'Water Absorb']"
753,Fomantis,grass,,7,no,0.3,1.5,35,40,55,50,35,35,5120,70,250,190,1000000,50,"['Leaf Guard', 'Contrary']"
754,Lurantis,grass,,7,no,0.9,18.5,45,70,105,80,90,90,5120,70,480,75,1000000,50,"['Leaf Guard', 'Contrary']"
755,Morelull,grass,fairy,7,no,0.2,1.5,15,40,35,65,55,75,5120,70,285,190,1000000,50,"['Illuminate', 'Effect Spore', 'Rain Dish']"
756,Shiinotic,grass,fairy,7,no,1,11.5,30,60,45,90,80,100,5120,70,405,75,1000000,50,"['Illuminate', 'Effect Spore', 'Rain Dish']"
757,Salandit,poison,fire,7,no,0.6,4.8,77,48,44,71,40,40,5120,70,320,120,1000000,88.1,"['Corrosion', 'Oblivious']"
758,Salazzle,poison,fire,7,no,1.2,22.2,117,68,64,111,60,60,5120,70,480,45,1000000,0,"['Corrosion', 'Oblivious']"
759,Stufful,normal,fighting,7,no,0.5,6.8,50,70,75,45,50,50,3840,70,340,140,1000000,50,"['Fluffy', 'Klutz', 'Cute Charm']"
760,Bewear,normal,fighting,7,no,2.1,135,60,120,125,55,80,60,3840,70,500,70,1000000,50,"['Fluffy', 'Klutz', 'Unnerve']"
761,Bounsweet,grass,,7,no,0.3,3.2,32,42,30,30,38,38,5120,70,210,235,1059860,0,"['Leaf Guard', 'Oblivious', 'Sweet Veil']"
762,Steenee,grass,,7,no,0.7,8.2,62,52,40,40,48,48,5120,70,290,120,1059860,0,"['Leaf Guard', 'Oblivious', 'Sweet Veil']"
763,Tsareena,grass,,7,no,1.2,21.4,72,72,120,50,98,98,5120,70,510,45,1059860,0,"['Leaf Guard', 'Queenly Majesty', 'Sweet Veil']"
764,Comfey,fairy,,7,no,0.1,0.3,100,51,52,82,90,110,5120,70,485,60,800000,24.6,"['Flower Veil', 'Triage', 'Natural Cure']"
765,Oranguru,normal,psychic,7,no,1.5,76,60,90,60,90,80,110,5120,70,490,45,1250000,50,"['Inner Focus', 'Telepathy', 'Symbiosis']"
766,Passimian,fighting,,7,no,2,82.8,80,100,120,40,90,60,5120,70,490,45,1250000,50,"['Receiver', 'Defiant']"
767,Wimpod,bug,water,7,no,0.5,12,80,25,35,20,40,30,5120,70,230,90,1000000,50,['Wimp Out']
768,Golisopod,bug,water,7,no,2,108,40,75,125,60,140,90,5120,70,530,45,1000000,50,['Emergency Exit']
769,Sandygast,ghost,ground,7,no,0.5,70,15,55,55,70,80,45,3840,70,320,140,1000000,50,"['Water Compaction', 'Sand Veil']"
770,Palossand,ghost,ground,7,no,1.3,250,35,85,75,100,110,75,3840,70,480,60,1000000,50,"['Water Compaction', 'Sand Veil']"
771,Pyukumuku,water,,7,no,0.3,1.2,5,55,60,30,130,130,3840,70,410,60,800000,50,"['Innards Out', 'Unaware']"
772,Type: Null,normal,,7,no,1.9,120.5,59,95,95,95,95,95,30720,0,534,3,1250000,,['Battle Armor']
773,Silvally,normal,,7,no,2.3,100.5,95,95,95,95,95,95,30720,0,570,3,1250000,,['RKS System']
774,Minior,rock,flying,7,no,0.3,40,120,60,100,100,60,60,6400,70,500,30,1059860,,['Shields Down']
775,Komala,normal,,7,no,0.4,19.9,65,65,115,75,65,95,5120,70,480,45,1250000,50,['Comatose']
776,Turtonator,fire,dragon,7,no,2,212,36,60,78,91,135,85,5120,70,485,70,1000000,50,['Shell Armor']
777,Togedemaru,electric,steel,7,no,0.3,3.3,96,65,98,40,63,73,2560,70,435,180,1000000,50,"['Iron Barbs', 'Lightningrod', 'Sturdy']"
778,Mimikyu,ghost,fairy,7,no,0.2,0.7,96,55,90,50,80,105,5120,70,476,45,1000000,50,['Disguise']
779,Bruxish,water,psychic,7,no,0.9,19,92,68,105,70,70,70,3840,70,475,80,1000000,50,"['Dazzling', 'Strong Jaw', 'Wonder Skin ']"
780,Drampa,normal,dragon,7,no,3,185,36,78,60,135,85,91,5120,70,485,70,1000000,50,"['Berserk', 'Sap Sipper', 'Cloud Nine']"
781,Dhelmise,ghost,grass,7,no,3.9,210,40,70,131,86,100,90,6400,70,517,25,1000000,,['Steelworker']
782,Jangmo-o,dragon,,7,no,0.6,29.7,45,45,55,45,65,45,10240,70,300,45,1250000,50,"['Bulletproof', 'Soundproof', 'Overcoat']"
783,Hakamo-o,dragon,fighting,7,no,1.2,47,65,55,75,65,90,70,10240,70,420,45,1250000,50,"['Bulletproof', 'Soundproof', 'Overcoat']"
784,Kommo-o,dragon,fighting,7,no,1.6,78.2,85,75,110,100,125,105,10240,70,600,45,1250000,50,"['Bulletproof', 'Soundproof', 'Overcoat']"
785,Tapu Koko,electric,fairy,7,yes,1.8,20.5,130,70,115,95,85,75,3840,70,570,3,1250000,,"['Electric Surge', 'Telepathy']"
786,Tapu Lele,psychic,fairy,7,yes,1.2,18.6,95,70,85,130,75,115,3840,70,570,3,1250000,,"['Psychic Surge', 'Telepathy']"
787,Tapu Bulu,grass,fairy,7,yes,1.9,45.5,75,70,130,85,115,95,3840,70,570,3,1250000,,"['Grassy Surge', 'Telepathy']"
788,Tapu Fini,water,fairy,7,yes,1.3,21.2,85,70,75,95,115,130,3840,70,570,3,1250000,,"['Misty Surge', 'Telepathy']"
789,Cosmog,psychic,,7,yes,0.2,0.1,37,43,29,29,31,31,30720,0,200,45,1250000,,['Unaware']
790,Cosmoem,psychic,,7,yes,0.1,999.9,37,43,29,29,131,131,30720,0,400,45,1250000,,['Sturdy']
791,Solgaleo,psychic,steel,7,yes,3.4,230,97,137,137,113,107,89,30720,0,680,45,1250000,,['Full Metal Body']
792,Lunala,psychic,ghost,7,yes,4,120,97,137,113,137,89,107,30720,0,680,45,1250000,,['Shadow Shield']
793,Nihilego,rock,poison,7,yes,1.2,55.5,103,109,53,127,47,131,30720,0,570,45,1250000,,['Beast Boost']
794,Buzzwole,bug,fighting,7,yes,2.4,333.6,79,107,139,53,139,53,30720,0,570,25,1250000,,['Beast Boost']
795,Pheromosa,bug,fighting,7,yes,1.8,25,151,71,137,137,37,37,30720,0,570,255,1250000,,['Beast Boost']
796,Xurkitree,electric,,7,yes,3.8,100,83,83,89,173,71,71,30720,0,570,30,1250000,,['Beast Boost']
797,Celesteela,steel,flying,7,yes,9.2,999.9,61,97,101,107,103,101,30720,0,570,25,1250000,,['Beast Boost']
798,Kartana,grass,steel,7,yes,0.3,0.1,109,59,181,59,131,31,30720,0,570,255,1250000,,['Beast Boost']
799,Guzzlord,dark,dragon,7,yes,5.5,888,43,223,101,97,53,53,30720,0,570,15,1250000,,['Beast Boost']
800,Necrozma,psychic,,7,yes,2.4,230,79,97,107,127,101,89,30720,0,600,3,1250000,,['Prism Armor']
801,Magearna,steel,fairy,7,yes,1,80.5,65,80,95,130,115,115,30720,0,600,3,1250000,,['Soul-Heart']
